id,type,chapter,section,question,answer,explanation,choices,tags
qa-001,qa,総論I 形態・機能・病態生理,発生,肺の原基となる管状構造の名称は？,肺芽（lung bud）,,,総論I 発生 一問一答
qa-002,qa,総論I 形態・機能・病態生理,発生,呼吸器分化領域を運命決定する転写因子は？,Nkx2.1,,,総論I 発生 一問一答
qa-003,qa,総論I 形態・機能・病態生理,発生,気管支樹の分岐・伸長を誘導する間葉由来の因子は？,FGF10,,,総論I 発生 一問一答
qa-004,qa,総論I 形態・機能・病態生理,発生,終末細気管支までの気道分岐が完了する発生期は？,偽腺管期（6〜16週）,,,総論I 発生 一問一答
qa-005,qa,総論I 形態・機能・病態生理,発生,サーファクタント産生が開始する発生期は？,細管期（16〜28週）,,,総論I 発生 一問一答
qa-006,qa,総論I 形態・機能・病態生理,発生,胎外生活が可能な構造・機能に達する発生期は？,囊状期（28〜36週）,,,総論I 発生 一問一答
qa-007,qa,総論I 形態・機能・病態生理,発生,二次隔壁の隆起で肺胞が形成される発生期は？,肺胞期（36週〜小児期）,,,総論I 発生 一問一答
qa-008,qa,総論I 形態・機能・病態生理,発生,胸膜が形成される胎齢は？,4〜7週頃,,,総論I 発生 一問一答
qa-009,qa,総論I 形態・機能・病態生理,発生,肺胞構造出現期に血管が移動する先は？,上皮直下,,,総論I 発生 一問一答
qa-010,qa,総論I 形態・機能・病態生理,構造,気管が左右主気管支に分岐する高さは？,第4〜5胸椎,,,総論I 構造 一問一答
qa-011,qa,総論I 形態・機能・病態生理,構造,気管分岐部の名称は？,carina（気管分岐部）,,,総論I 構造 一問一答
qa-012,qa,総論I 形態・機能・病態生理,構造,気管の軟骨を欠く背側1/3を何という？,膜様部,,,総論I 構造 一問一答
qa-013,qa,総論I 形態・機能・病態生理,構造,右肺・左肺の肺区域数は？,右10・左8,,,総論I 構造 一問一答
qa-014,qa,総論I 形態・機能・病態生理,構造,軟骨・気管支腺が消失する気道径の目安は？,約2 mm以下（細気管支）,,,総論I 構造 一問一答
qa-015,qa,総論I 形態・機能・病態生理,構造,末梢で増加しCCSPを分泌する細胞は？,club cell（旧Clara細胞）,,,総論I 構造 一問一答
qa-016,qa,総論I 形態・機能・病態生理,構造,導管（気道）としての最末端の気道は？,終末細気管支,,,総論I 構造 一問一答
qa-017,qa,総論I 形態・機能・病態生理,構造,気道部と呼吸部の移行帯にあたる気道は？,呼吸細気管支,,,総論I 構造 一問一答
qa-018,qa,総論I 形態・機能・病態生理,構造,サーファクタントを分泌し虚脱を防ぐ肺胞上皮は？,Ⅱ型肺胞上皮細胞,,,総論I 構造 一問一答
qa-019,qa,総論I 形態・機能・病態生理,構造,ガス交換に関与する菲薄な肺胞上皮は？,Ⅰ型肺胞上皮細胞,,,総論I 構造 一問一答
qa-020,qa,総論I 形態・機能・病態生理,構造,肺胞間の側副換気に関与しうる小孔は？,Kohn孔,,,総論I 構造 一問一答
qa-021,qa,総論I 形態・機能・病態生理,構造,CT診断の基盤となる約1cm四方の構造単位は？,Miller二次小葉,,,総論I 構造 一問一答
qa-022,qa,総論I 形態・機能・病態生理,構造,1本の終末細気管支以下のまとまり（一次小葉）は？,細葉（acinus）,,,総論I 構造 一問一答
qa-023,qa,総論I 形態・機能・病態生理,構造,小葉中心を走る細気管支＋肺動脈枝＋結合織は？,気管支血管束（bronchovascular bundle）,,,総論I 構造 一問一答
qa-024,qa,総論I 形態・機能・病態生理,構造,小葉辺縁（小葉間隔壁）を走行する脈管は？,肺静脈・リンパ管,,,総論I 構造 一問一答
qa-025,qa,総論I 形態・機能・病態生理,構造,肺の栄養血管で筋性動脈の構造をとるのは？,気管支動脈,,,総論I 構造 一問一答
qa-026,qa,総論I 形態・機能・病態生理,構造,気管支動脈の血流量は心拍出量の約何％？,約1％,,,総論I 構造 一問一答
qa-027,qa,総論I 形態・機能・病態生理,構造,胸膜の被覆細胞（中胚葉由来・ヒアルロン酸分泌）は？,中皮細胞,,,総論I 構造 一問一答
qa-028,qa,総論I 形態・機能・病態生理,構造,リンパ管の最末端が存在する部位は？,肺胞道（肺胞壁にはない）,,,総論I 構造 一問一答
qa-029,qa,総論I 形態・機能・病態生理,呼吸生理,コンプライアンスの定義式は？,C ＝ ΔV/ΔP,,,総論I 呼吸生理 一問一答
qa-030,qa,総論I 形態・機能・病態生理,呼吸生理,虚脱肺胞が開き始める圧容量曲線の屈曲点は？,LIP（下方屈曲点）,,,総論I 呼吸生理 一問一答
qa-031,qa,総論I 形態・機能・病態生理,呼吸生理,過伸展が始まる圧容量曲線の屈曲点は？,UIP（上方屈曲点）,,,総論I 呼吸生理 一問一答
qa-032,qa,総論I 形態・機能・病態生理,呼吸生理,肺保護換気でPEEPはどの点以上に設定する？,LIP以上,,,総論I 呼吸生理 一問一答
qa-033,qa,総論I 形態・機能・病態生理,呼吸生理,努力呼気で気道内圧＝胸腔内圧となる点は？,等圧点（EPP）,,,総論I 呼吸生理 一問一答
qa-034,qa,総論I 形態・機能・病態生理,呼吸生理,立位で血流が最大となる部位は？,肺底部,,,総論I 呼吸生理 一問一答
qa-035,qa,総論I 形態・機能・病態生理,呼吸生理,立位で換気血流比が大きいのは？,肺尖部,,,総論I 呼吸生理 一問一答
qa-036,qa,総論I 形態・機能・病態生理,呼吸生理,低酸素で肺血管が攣縮する現象は？,低酸素性肺血管攣縮（HPV）,,,総論I 呼吸生理 一問一答
qa-037,qa,総論I 形態・機能・病態生理,呼吸生理,100％O₂で改善しにくい低酸素血症の機序は？,シャント（短絡）,,,総論I 呼吸生理 一問一答
qa-038,qa,総論I 形態・機能・病態生理,呼吸生理,A−aDO₂正常でも低酸素血症となる機序は？,肺胞低換気・低酸素環境,,,総論I 呼吸生理 一問一答
qa-039,qa,総論I 形態・機能・病態生理,呼吸生理,拡散能検査で用いる指標ガスは？,CO（DLCO）,,,総論I 呼吸生理 一問一答
qa-040,qa,総論I 形態・機能・病態生理,呼吸生理,pH低下・CO₂増加で解離曲線が右方移動する現象は？,Bohr効果,,,総論I 呼吸生理 一問一答
qa-041,qa,総論I 形態・機能・病態生理,呼吸生理,脱酸素化HbでCO₂運搬能が増す現象は？,Haldane効果,,,総論I 呼吸生理 一問一答
qa-042,qa,総論I 形態・機能・病態生理,呼吸生理,呼吸リズム形成の基本となる延髄ニューロン群は？,VRG（腹側呼吸ニューロン群）,,,総論I 呼吸生理 一問一答
qa-043,qa,総論I 形態・機能・病態生理,呼吸生理,主にPaO₂を感知する末梢化学受容器は？,頸動脈体,,,総論I 呼吸生理 一問一答
qa-044,qa,総論I 形態・機能・病態生理,呼吸生理,PaCO₂を感知する中枢化学受容野の局在は？,延髄腹側,,,総論I 呼吸生理 一問一答
qa-045,qa,総論I 形態・機能・病態生理,呼吸生理,J受容体とも呼ばれ肺うっ血・水腫で刺激される受容器は？,pulmonary C線維,,,総論I 呼吸生理 一問一答
qa-046,qa,総論I 形態・機能・病態生理,呼吸生理,過換気と低換気を繰り返す異常呼吸は？,Cheyne−Stokes呼吸,,,総論I 呼吸生理 一問一答
qa-047,qa,総論I 形態・機能・病態生理,生体防御・代謝,病原体特有分子を認識する自然免疫受容体は？,Toll様受容体（TLR）,,,総論I 生体防御・代謝 一問一答
qa-048,qa,総論I 形態・機能・病態生理,生体防御・代謝,寄生虫免疫・アレルギーに関与するTh細胞は？,Th2,,,総論I 生体防御・代謝 一問一答
qa-049,qa,総論I 形態・機能・病態生理,生体防御・代謝,IFN-γを産生し細菌・ウイルス免疫を担うTh細胞は？,Th1,,,総論I 生体防御・代謝 一問一答
qa-050,qa,総論I 形態・機能・病態生理,生体防御・代謝,IL-17を産生し真菌免疫に関与するTh細胞は？,Th17,,,総論I 生体防御・代謝 一問一答
qa-051,qa,総論I 形態・機能・病態生理,生体防御・代謝,粘液線毛輸送系が粘液を運ぶ方向は？,声門方向,,,総論I 生体防御・代謝 一問一答
qa-052,qa,総論I 形態・機能・病態生理,生体防御・代謝,病原体を貪食しリンパ球へ抗原提示する細胞は？,樹状細胞,,,総論I 生体防御・代謝 一問一答
qa-053,qa,総論I 形態・機能・病態生理,生体防御・代謝,肺循環でアンジオテンシンⅠを変換する酵素は？,ACE（→アンジオテンシンⅡ）,,,総論I 生体防御・代謝 一問一答
qa-054,qa,総論I 形態・機能・病態生理,生体防御・代謝,COX系で生成される主な代謝産物は？,プロスタグランジン・トロンボキサン,,,総論I 生体防御・代謝 一問一答
qa-055,qa,総論I 形態・機能・病態生理,生体防御・代謝,5-LO系で生成される代謝産物は？,ロイコトリエン,,,総論I 生体防御・代謝 一問一答
qa-056,qa,総論I 形態・機能・病態生理,生体防御・代謝,気管支喘息に用いるアラキドン酸経路の治療薬は？,ロイコトリエン受容体拮抗薬,,,総論I 生体防御・代謝 一問一答
qa-057,qa,総論I 形態・機能・病態生理,生体防御・代謝,肺高血圧症に用いるプロスタグランジン製剤は？,PGI₂製剤,,,総論I 生体防御・代謝 一問一答
qa-058,qa,総論I 形態・機能・病態生理,加齢,加齢で増加し残気率を上げる肺気量は？,残気量（RV）,,,総論I 加齢 一問一答
qa-059,qa,総論I 形態・機能・病態生理,加齢,加齢で増大する末梢気道閉塞の指標量は？,クロージングボリューム（CV）,,,総論I 加齢 一問一答
qa-060,qa,総論I 形態・機能・病態生理,加齢,加齢で低下するガス交換指標は？,肺拡散能（DLCO）,,,総論I 加齢 一問一答
qa-061,qa,総論I 形態・機能・病態生理,加齢,加齢でほぼ直線的に低下する動脈血ガス指標は？,PaO₂,,,総論I 加齢 一問一答
qa-062,qa,総論I 形態・機能・病態生理,加齢,加齢でほとんど変化しない動脈血ガス指標は？,PaCO₂・pH,,,総論I 加齢 一問一答
qa-063,qa,総論I 形態・機能・病態生理,加齢,全肺気量（TLC）の加齢変化は？,ほぼ不変,,,総論I 加齢 一問一答
mcq-001,mcq,総論I 形態・機能・病態生理,発生,問1 肺の胎生期発生について誤っているのはどれか。,e,肺胞期は胎齢36週頃〜小児期で、肺胞の形成・成熟は出生後小児期まで継続する。a〜dはいずれも正しい。,"{""a"": ""肺の原基は肺芽と呼ばれる管状構造である"", ""b"": ""偽腺管期に終末細気管支までの気道分岐が完了する"", ""c"": ""サーファクタントの産生は細管期に開始する"", ""d"": ""囊状期に胎外生活が可能な構造・機能に達する"", ""e"": ""肺胞の形成は出生時に完了する""}",総論I 発生 5択
mcq-002,mcq,総論I 形態・機能・病態生理,発生,問2 サーファクタントについて正しいのはどれか。,d,サーファクタントはⅡ型肺胞上皮が産生し表面張力を低下させ、コンプライアンスを保つ。欠乏時は小さい肺胞ほど内圧が高くなり虚脱し、ガスは大きい肺胞へ移動する。産生開始は細管期。,"{""a"": ""Ⅰ型肺胞上皮細胞から産生される"", ""b"": ""肺胞の表面張力を上昇させる"", ""c"": ""肺コンプライアンスを低下させる"", ""d"": ""産生開始は細管期である"", ""e"": ""欠乏すると大きい肺胞が虚脱する""}",総論I 発生 5択
mcq-003,mcq,総論I 形態・機能・病態生理,構造,問3 気管・気管支の構造について正しいのはどれか。,c,気管分岐は第4〜5胸椎。区域は右10・左8。club cellは末梢に多い。肺胞が壁に付着するのは呼吸細気管支（終末細気管支は導管の最末端で肺胞付着なし）。,"{""a"": ""気管は第2〜3胸椎の高さで分岐する"", ""b"": ""右主気管支は8区域に分布する"", ""c"": ""細気管支は直径約2 mm以下で軟骨を欠く"", ""d"": ""club cellは中枢気道に多い"", ""e"": ""終末細気管支の壁には肺胞が付着する""}",総論I 構造 5択
mcq-004,mcq,総論I 形態・機能・病態生理,構造,問4 肺の実質・間質に関する記述で正しいのはどれか。,d,狭義の間質＝胞隔、広義の間質＝小葉間・胸膜・気管支血管周囲などの支持体でガス交換に直接関与しない。肺胞壁にリンパ管はない。実質は肺胞上皮＋肺胞腔の空気と捉える。間質性肺炎は「ガス交換に寄与しえない病的間質ができる疾患」。,"{""a"": ""狭義の間質は小葉間結合組織を指す"", ""b"": ""広義の間質はガス交換に直接関与する"", ""c"": ""肺胞壁にはリンパ管が豊富に存在する"", ""d"": ""間質性肺炎の本質は病的間質の形成である"", ""e"": ""実質は肺胞上皮のみで肺胞腔の空気は含めない""}",総論I 構造 5択
mcq-005,mcq,総論I 形態・機能・病態生理,構造,問5 肺小葉（Miller二次小葉）について正しいのはどれか。,d,小葉中心＝気管支血管束（細気管支＋肺動脈枝）、辺縁＝肺静脈・リンパ管。支配気管支は径1〜2 mmの細気管支。細葉（一次小葉）は二次小葉に複数含まれる。,"{""a"": ""小葉の中心構造は肺静脈である"", ""b"": ""小葉辺縁を気管支血管束が走行する"", ""c"": ""支配気管支は区域気管支である"", ""d"": ""1個の終末細気管支以下を細葉という"", ""e"": ""二次小葉には細葉が1個のみ含まれる""}",総論I 構造 5択
mcq-006,mcq,総論I 形態・機能・病態生理,構造,問6 肺の血管系について正しいのはどれか。,d,肺動脈＝静脈血・低圧系・弾性動脈、肺静脈＝動脈血で左心房へ流入。気管支動脈は栄養血管で筋性動脈、血流は心拍出量の約1％。,"{""a"": ""肺動脈内には動脈血が流れる"", ""b"": ""気管支動脈は弾性動脈である"", ""c"": ""肺動脈は高圧系である"", ""d"": ""気管支動脈血流は心拍出量の約1％である"", ""e"": ""肺静脈は右心房に流入する""}",総論I 構造 5択
mcq-007,mcq,総論I 形態・機能・病態生理,呼吸生理,問7 圧−容量曲線と肺保護換気について誤っているのはどれか。,d,PEEPはLIP以上に設定して肺胞虚脱を防ぎ、最大気道内圧はUIP以下に設定して圧損傷を防ぐ。,"{""a"": ""コンプライアンスは C＝ΔV/ΔP で表される"", ""b"": ""LIPは虚脱肺胞が開き始める圧を示す"", ""c"": ""UIPは過伸展が始まる圧を示す"", ""d"": ""PEEPはUIP以上に設定する"", ""e"": ""最大気道内圧はUIP以下に設定する""}",総論I 呼吸生理 5択
mcq-008,mcq,総論I 形態・機能・病態生理,呼吸生理,問8 努力呼気・吸気の気道力学について正しいのはどれか。,c,等圧点より下流で閉塞方向の力が働く。胸腔内気道は呼気で狭く・吸気で広い。胸腔外気道は吸気で狭くなり、睡眠時無呼吸の気流制限に関与。気流速度はチョークポイントで決定され下流抵抗は影響しない。,"{""a"": ""等圧点より上流（肺胞側）で気道が閉塞する"", ""b"": ""胸腔内気道は呼気で広くなる"", ""c"": ""胸腔外気道は吸気で狭くなる"", ""d"": ""チョークポイントより下流の抵抗が気流速度を決める"", ""e"": ""睡眠時無呼吸は胸腔内気道の気流制限による""}",総論I 呼吸生理 5択
mcq-009,mcq,総論I 形態・機能・病態生理,呼吸生理,問9 肺血流分布（West zone）について正しいのはどれか。,c,Zone1（肺尖）Palv＞Pa＞Pvで血流ほぼなし、Zone2（中）Pa＞Palv＞Pv、Zone3（肺底）Pa＞Pv＞Palv。血流・換気量とも肺底部で最大。,"{""a"": ""Zone1ではPa＞Pv＞Palvである"", ""b"": ""立位で血流は肺尖部で最大となる"", ""c"": ""Zone3は肺底部に相当する"", ""d"": ""Zone2では血管が閉じ血流がない"", ""e"": ""立位で換気量は肺尖部で最大となる""}",総論I 呼吸生理 5択
mcq-010,mcq,総論I 形態・機能・病態生理,呼吸生理,問10 低酸素性肺血管攣縮（HPV）について正しいのはどれか。,d,肺血管は低酸素で攣縮（体血管は拡張＝逆）。換気不良部の血流を減らし良好部へ再分配してガス交換効率を高める。出生時の循環切替にも関与。,"{""a"": ""低酸素で肺血管は拡張する"", ""b"": ""体血管と同様の反応である"", ""c"": ""換気不良部の血流を増やす"", ""d"": ""胎児循環から肺循環への切替に関与する"", ""e"": ""ガス交換効率を低下させる""}",総論I 呼吸生理 5択
mcq-011,mcq,総論I 形態・機能・病態生理,呼吸生理,問11 100％酸素吸入で最も改善しにくい低酸素血症の機序はどれか。,d,シャントは肺胞を経由しない血流が混入するため100％O₂でも改善しにくい。他の機序は酸素投与で比較的改善する。,"{""a"": ""肺胞低換気"", ""b"": ""高地（低酸素環境）"", ""c"": ""拡散障害"", ""d"": ""シャント（短絡）"", ""e"": ""換気血流比不均等""}",総論I 呼吸生理 5択
mcq-012,mcq,総論I 形態・機能・病態生理,呼吸生理,問12 酸素解離曲線を右方移動させない因子はどれか。,e,"右方移動（O₂を放しやすい）＝pH低下・CO₂上昇（Bohr効果）・体温上昇・2,3-DPG増加。pH上昇は左方移動させる。","{""a"": ""pH低下"", ""b"": ""PaCO₂上昇"", ""c"": ""体温上昇"", ""d"": ""2,3-DPG増加"", ""e"": ""pH上昇""}",総論I 呼吸生理 5択
mcq-013,mcq,総論I 形態・機能・病態生理,呼吸生理,問13 呼吸調節について正しいのはどれか。,d,リズム形成の基本はVRG。頸動脈体は主にPaO₂、延髄腹側の中枢化学受容野はPaCO₂を感知。低酸素換気応答はPaO₂ 60 Torr以下で出現。,"{""a"": ""呼吸リズム形成の中心はDRGである"", ""b"": ""頸動脈体は主にPaCO₂を感知する"", ""c"": ""中枢化学受容野はPaO₂を感知する"", ""d"": ""pulmonary C線維はJ受容体とも呼ばれる"", ""e"": ""低酸素換気応答はPaO₂ 80 Torr以下で起こる""}",総論I 呼吸生理 5択
mcq-014,mcq,総論I 形態・機能・病態生理,生体防御・代謝,問14 呼吸器の生体防御について正しいのはどれか。,c,TLRは自然免疫。獲得免疫は反復曝露で作動し初感染では不十分。Th2＝IL-4/5/13（寄生虫・アレルギー）、Th17＝IL-17（真菌）。粘液線毛系は粘液を声門方向へ運ぶ。,"{""a"": ""TLRは獲得免疫に分類される"", ""b"": ""獲得免疫は初感染で十分に作動する"", ""c"": ""Th2はアレルギー疾患に関与する"", ""d"": ""Th17はIFN-γを産生する"", ""e"": ""粘液線毛輸送系は粘液を末梢方向へ運ぶ""}",総論I 生体防御・代謝 5択
mcq-015,mcq,総論I 形態・機能・病態生理,生体防御・代謝,問15 アラキドン酸カスケードと治療について正しいのはどれか。,d,COX系＝PG・TX、5-LO系＝LT。ロイコトリエン受容体拮抗薬は喘息、PGI₂製剤は肺高血圧症に用いる。LTB₄は白血球遊走、気道平滑筋収縮はCysLTs（LTC₄/D₄/E₄）。,"{""a"": ""COX系からロイコトリエンが生成される"", ""b"": ""5-LO系からプロスタグランジンが生成される"", ""c"": ""ロイコトリエン受容体拮抗薬は肺高血圧症に用いる"", ""d"": ""PGI₂製剤は肺高血圧症に用いる"", ""e"": ""LTB₄は気道平滑筋収縮の主要因子である""}",総論I 生体防御・代謝 5択
mcq-016,mcq,総論I 形態・機能・病態生理,加齢,問16 加齢に伴う呼吸機能の変化で誤っているのはどれか。,d,加齢でPaO₂はほぼ直線的に低下するが、PaCO₂・pHはほとんど変化しない。RV↑・FRC軽度↑・TLC不変によりRV/TLC↑、CVも増大する。,"{""a"": ""残気量（RV）は増加する"", ""b"": ""全肺気量（TLC）はほぼ不変である"", ""c"": ""残気率（RV/TLC）は増加する"", ""d"": ""PaCO₂は加齢とともに直線的に低下する"", ""e"": ""クロージングボリュームは増大する""}",総論I 加齢 5択
qa-s2-001,qa,総論II 疫学,抗酸菌感染症（結核・NTM）,2023年のわが国の新規結核患者数は？,"10,096人",,,総論II 抗酸菌感染症（結核・NTM） 一問一答
qa-s2-002,qa,総論II 疫学,抗酸菌感染症（結核・NTM）,2023年の結核罹患率（人口10万対）は？,8.1,,,総論II 抗酸菌感染症（結核・NTM） 一問一答
qa-s2-003,qa,総論II 疫学,抗酸菌感染症（結核・NTM）,結核の罹患率の動向は？,減少傾向,,,総論II 抗酸菌感染症（結核・NTM） 一問一答
qa-s2-004,qa,総論II 疫学,抗酸菌感染症（結核・NTM）,新規結核患者で80歳以上が占める割合は？,42.9%,,,総論II 抗酸菌感染症（結核・NTM） 一問一答
qa-s2-005,qa,総論II 疫学,抗酸菌感染症（結核・NTM）,結核患者の男女比は？,男性が女性の約1.4倍,,,総論II 抗酸菌感染症（結核・NTM） 一問一答
qa-s2-006,qa,総論II 疫学,抗酸菌感染症（結核・NTM）,外国出生結核患者の出生国で最多は？,フィリピン,,,総論II 抗酸菌感染症（結核・NTM） 一問一答
qa-s2-007,qa,総論II 疫学,抗酸菌感染症（結核・NTM）,外国出生結核患者で20歳代が占める割合は？,84.8%,,,総論II 抗酸菌感染症（結核・NTM） 一問一答
qa-s2-008,qa,総論II 疫学,抗酸菌感染症（結核・NTM）,結核発病がないことを入国前に求める対策は？,入国前結核スクリーニング,,,総論II 抗酸菌感染症（結核・NTM） 一問一答
qa-s2-009,qa,総論II 疫学,抗酸菌感染症（結核・NTM）,NTM症の罹患率の動向（2007→2014）は？,約2.6倍に増加,,,総論II 抗酸菌感染症（結核・NTM） 一問一答
qa-s2-010,qa,総論II 疫学,抗酸菌感染症（結核・NTM）,NTM症の死亡数（2021）は？,"1,100人超（増加傾向）",,,総論II 抗酸菌感染症（結核・NTM） 一問一答
qa-s2-011,qa,総論II 疫学,抗酸菌感染症（結核・NTM）,NTM症に多い患者層は？,中年〜高齢の女性,,,総論II 抗酸菌感染症（結核・NTM） 一問一答
qa-s2-012,qa,総論II 疫学,抗酸菌感染症（結核・NTM）,結核に多い患者層は？,高齢男性,,,総論II 抗酸菌感染症（結核・NTM） 一問一答
qa-s2-013,qa,総論II 疫学,抗酸菌感染症（結核・NTM）,NTM症の主な感染経路の特徴は？,環境由来,,,総論II 抗酸菌感染症（結核・NTM） 一問一答
qa-s2-014,qa,総論II 疫学,喘息死・COPD死,喘息死がピークだった年と人数は？,"1995年・7,253人",,,総論II 喘息死・COPD死 一問一答
qa-s2-015,qa,総論II 疫学,喘息死・COPD死,2020年の喘息死亡数は？,"1,233人（減少）",,,総論II 喘息死・COPD死 一問一答
qa-s2-016,qa,総論II 疫学,喘息死・COPD死,高齢者の喘息死統計に紛れ込みうる疾患は？,COPD・うっ血性心不全・誤嚥性肺炎,,,総論II 喘息死・COPD死 一問一答
qa-s2-017,qa,総論II 疫学,喘息死・COPD死,2022年のCOPD死亡数は？,"16,676人",,,総論II 喘息死・COPD死 一問一答
qa-s2-018,qa,総論II 疫学,喘息死・COPD死,2022年のCOPD死亡率（人口10万対）は？,13.7,,,総論II 喘息死・COPD死 一問一答
qa-s2-019,qa,総論II 疫学,喘息死・COPD死,COPD死の動向は？,増加傾向,,,総論II 喘息死・COPD死 一問一答
qa-s2-020,qa,総論II 疫学,喘息死・COPD死,COPD総患者数（2020・治療中）は？,"36万2,000人",,,総論II 喘息死・COPD死 一問一答
qa-s2-021,qa,総論II 疫学,喘息死・COPD死,COPD死が今後減少しうる根拠は？,喫煙率低下・フィルター・粉じん曝露減,,,総論II 喘息死・COPD死 一問一答
qa-s2-022,qa,総論II 疫学,肺癌死・喫煙,肺癌の総患者数・死亡数の動向は？,増加傾向,,,総論II 肺癌死・喫煙 一問一答
qa-s2-023,qa,総論II 疫学,肺癌死・喫煙,近年急減した肺癌の組織型は？,肺扁平上皮癌（肺門部）,,,総論II 肺癌死・喫煙 一問一答
qa-s2-024,qa,総論II 疫学,肺癌死・喫煙,近年増加している肺癌の組織型は？,肺腺癌,,,総論II 肺癌死・喫煙 一問一答
qa-s2-025,qa,総論II 疫学,肺癌死・喫煙,肺癌死の減少が期待される治療薬は？,免疫チェックポイント阻害薬,,,総論II 肺癌死・喫煙 一問一答
qa-s2-026,qa,総論II 疫学,肺癌死・喫煙,日本人の予防可能な2大危険因子は？,喫煙と血圧,,,総論II 肺癌死・喫煙 一問一答
qa-s2-027,qa,総論II 疫学,肺癌死・喫煙,喫煙寄与死の推計人数は？,約12.9万人,,,総論II 肺癌死・喫煙 一問一答
qa-s2-028,qa,総論II 疫学,肺癌死・喫煙,喫煙寄与死の男女比は？,約3/4が男性,,,総論II 肺癌死・喫煙 一問一答
qa-s2-029,qa,総論II 疫学,肺癌死・喫煙,喫煙による主要死因の最多は？,肺癌（4.2万人）,,,総論II 肺癌死・喫煙 一問一答
qa-s2-030,qa,総論II 疫学,肺癌死・喫煙,禁煙による平均余命獲得（男性）は？,+1.8年,,,総論II 肺癌死・喫煙 一問一答
qa-s2-031,qa,総論II 疫学,肺癌死・喫煙,2020年に患者数が減らなかった主要呼吸器疾患は？,肺（気管・気管支）の悪性新生物,,,総論II 肺癌死・喫煙 一問一答
mcq-s2-001,mcq,総論II 疫学,抗酸菌感染症（結核・NTM）,問1 2023年のわが国の結核について正しいのはどれか。,b,"2023年の新規結核患者は約10,096人、罹患率8.1/10万で減少傾向。高齢者に集中し、男性が女性の約1.4倍。","{""a"": ""新規患者数は約3万人である"", ""b"": ""罹患率は人口10万対8.1である"", ""c"": ""罹患率は増加傾向である"", ""d"": ""患者は若年層に集中している"", ""e"": ""女性が男性の約1.4倍である""}",総論II 抗酸菌感染症（結核・NTM） 5択
mcq-s2-002,mcq,総論II 疫学,抗酸菌感染症（結核・NTM）,問2 結核の疫学について正しいのはどれか。,a,80歳以上が42.9%。外国出生患者は増加（出生国最多はフィリピン）、20歳代では84.8%が外国出生。対策は入国前スクリーニング。,"{""a"": ""80歳以上が新規患者の約4割を占める"", ""b"": ""外国出生患者は減少している"", ""c"": ""外国出生患者の出生国最多は中国である"", ""d"": ""20歳代では外国出生が約2割である"", ""e"": ""入国後の結核スクリーニングが導入された""}",総論II 抗酸菌感染症（結核・NTM） 5択
mcq-s2-003,mcq,総論II 疫学,抗酸菌感染症（結核・NTM）,問3 非結核性抗酸菌症（NTM）について正しいのはどれか。,d,NTMは罹患率・死亡数とも増加傾向で、中年〜高齢女性に多い。感染は主に環境由来。,"{""a"": ""罹患率は減少傾向である"", ""b"": ""男性に多い"", ""c"": ""死亡数は減少している"", ""d"": ""中年〜高齢女性に多い"", ""e"": ""主にヒト-ヒト感染する""}",総論II 抗酸菌感染症（結核・NTM） 5択
mcq-s2-004,mcq,総論II 疫学,抗酸菌感染症（結核・NTM）,問4 結核とNTM症の比較で正しいのはどれか。,b,結核＝減少・高齢男性に多い、NTM＝増加（7年で約2.6倍）・中年〜高齢女性に多い。結核罹患率は8.1/10万。,"{""a"": ""結核は増加、NTMは減少している"", ""b"": ""結核は高齢男性、NTMは中年〜高齢女性に多い"", ""c"": ""両者とも若年男性に多い"", ""d"": ""NTMは2007〜2014で約半減した"", ""e"": ""結核の罹患率は人口10万対80である""}",総論II 抗酸菌感染症（結核・NTM） 5択
mcq-s2-005,mcq,総論II 疫学,喘息死・COPD死,問5 わが国の喘息死について正しいのはどれか。,b,"喘息死は1995年に7,253人でピーク、2020年は1,233人まで減少。高齢者に多く、統計には他疾患混入の可能性。","{""a"": ""近年増加傾向である"", ""b"": ""1995年に約7,250人でピークとなった"", ""c"": ""2020年も7,000人を超える"", ""d"": ""若年者に多い"", ""e"": ""統計は実態を正確に反映している""}",総論II 喘息死・COPD死 5択
mcq-s2-006,mcq,総論II 疫学,喘息死・COPD死,問6 高齢者の喘息死統計に紛れ込む可能性が指摘される疾患でないのはどれか。,d,本文で挙げられるのはCOPD・うっ血性心不全・喘息様気管支炎と称される誤嚥性肺炎などの喘鳴を伴う疾患。肺血栓塞栓症は挙げられていない。,"{""a"": ""COPD"", ""b"": ""うっ血性心不全"", ""c"": ""誤嚥性肺炎（喘息様気管支炎）"", ""d"": ""肺血栓塞栓症"", ""e"": ""喘鳴を伴う呼吸器感染症""}",総論II 喘息死・COPD死 5択
mcq-s2-007,mcq,総論II 疫学,喘息死・COPD死,問7 わが国のCOPD死亡について正しいのはどれか。,b,"COPD死は長期的に増加傾向で、2022年は16,676人（男14,019/女2,657）、死亡率13.7/10万。男性が多く喫煙率と関連。","{""a"": ""長期的に減少傾向である"", ""b"": ""2022年の死亡数は約16,700人である"", ""c"": ""女性が男性より多い"", ""d"": ""死亡率は人口10万対130である"", ""e"": ""喫煙率とは無関係である""}",総論II 喘息死・COPD死 5択
mcq-s2-008,mcq,総論II 疫学,喘息死・COPD死,問8 わが国のCOPDについて正しいのはどれか。,b,"治療中の総患者数は約36万2,000人。死亡は男性が多い（死亡率 男23.6/女4.2）。喫煙率低下等で今後減少も期待。CT検診で無症状例が発見されうる。","{""a"": ""2022年の死亡は女性が男性の約5倍"", ""b"": ""総患者数（2020治療中）は約36万人である"", ""c"": ""今後も増加し続けると予測される"", ""d"": ""死亡率は男女でほぼ同じ"", ""e"": ""CT検診では発見できない""}",総論II 喘息死・COPD死 5択
mcq-s2-009,mcq,総論II 疫学,肺癌死・喫煙,問9 わが国の肺癌について正しいのはどれか。,c,総患者数・死亡数とも増加傾向。肺門部発生の扁平上皮癌が急減し、肺腺癌が増加。女性の腺癌も問題となる。,"{""a"": ""総患者数は減少している"", ""b"": ""肺扁平上皮癌が急増している"", ""c"": ""肺腺癌が増加している"", ""d"": ""死亡率は低下し続けている"", ""e"": ""女性ではほとんどみられない""}",総論II 肺癌死・喫煙 5択
mcq-s2-010,mcq,総論II 疫学,肺癌死・喫煙,問10 部位別がん死亡率の年次推移について正しいのはどれか。,b,胃癌は減少、肺癌・大腸癌は増加。男性では肺癌が著明に上昇し最多レベルに達した。,"{""a"": ""胃癌は一貫して増加している"", ""b"": ""男性では肺癌が著明に増加した"", ""c"": ""大腸癌は減少傾向である"", ""d"": ""肺癌死亡率は男女で同等である"", ""e"": ""膵癌は著明に減少している""}",総論II 肺癌死・喫煙 5択
mcq-s2-011,mcq,総論II 疫学,肺癌死・喫煙,問11 喫煙と健康について正しいのはどれか。,d,喫煙寄与死は約12.9万人で約3/4が男性。主要死因の最多は肺癌（4.2万）。予防可能な2大因子は喫煙と血圧。禁煙で男+1.8年・女+0.6年。,"{""a"": ""喫煙寄与死は約1.3万人である"", ""b"": ""喫煙寄与死の約3/4は女性である"", ""c"": ""喫煙による主要死因の最多はCOPDである"", ""d"": ""禁煙で男性は平均余命+1.8年が期待される"", ""e"": ""予防可能な最大の危険因子は飲酒である""}",総論II 肺癌死・喫煙 5択
mcq-s2-012,mcq,総論II 疫学,肺癌死・喫煙,問12 2020年の呼吸器疾患の推計患者数について正しいのはどれか。,b,2020年はCOVID-19の感染対策の影響で、肺（気管・気管支）の悪性新生物を除き呼吸器疾患の患者数が軒並み減少した。,"{""a"": ""すべての呼吸器疾患で増加した"", ""b"": ""肺の悪性新生物を除き軒並み減少した"", ""c"": ""COVID-19の影響はなかった"", ""d"": ""喘息患者は増加した"", ""e"": ""結核患者が最も多かった""}",総論II 肺癌死・喫煙 5択
qa-s3-001,qa,総論III 主要症候と身体所見,咳嗽・痰,全身麻酔下でも発生する咳嗽は？,反射的咳嗽,,,総論III 咳嗽・痰 一問一答
qa-s3-002,qa,総論III 主要症候と身体所見,咳嗽・痰,全身麻酔下では発生しない咳嗽は？,随意的咳嗽,,,総論III 咳嗽・痰 一問一答
qa-s3-003,qa,総論III 主要症候と身体所見,咳嗽・痰,慢性咳嗽の定義（期間）は？,8週間以上,,,総論III 咳嗽・痰 一問一答
qa-s3-004,qa,総論III 主要症候と身体所見,咳嗽・痰,遷延性咳嗽の期間は？,3週間以上8週間未満,,,総論III 咳嗽・痰 一問一答
qa-s3-005,qa,総論III 主要症候と身体所見,咳嗽・痰,咳喘息の第一選択治療は？,ICS＋SABA,,,総論III 咳嗽・痰 一問一答
qa-s3-006,qa,総論III 主要症候と身体所見,咳嗽・痰,GERDによる咳嗽の治療は？,PPI,,,総論III 咳嗽・痰 一問一答
qa-s3-007,qa,総論III 主要症候と身体所見,咳嗽・痰,難治性慢性咳嗽に用いるP2X3受容体拮抗薬は？,gefapixant,,,総論III 咳嗽・痰 一問一答
qa-s3-008,qa,総論III 主要症候と身体所見,咳嗽・痰,乾性咳嗽をきたす代表疾患は？,咳喘息・アトピー咳嗽・GERD・間質性肺炎,,,総論III 咳嗽・痰 一問一答
qa-s3-009,qa,総論III 主要症候と身体所見,咳嗽・痰,気道粘液ゲル層の主成分は？,ムチン（MUC5AC/5B）,,,総論III 咳嗽・痰 一問一答
qa-s3-010,qa,総論III 主要症候と身体所見,咳嗽・痰,鉄さび色の痰をきたす疾患は？,肺炎球菌肺炎,,,総論III 咳嗽・痰 一問一答
qa-s3-011,qa,総論III 主要症候と身体所見,咳嗽・痰,苺ゼリー状の痰をきたす菌は？,クレブシエラ,,,総論III 咳嗽・痰 一問一答
qa-s3-012,qa,総論III 主要症候と身体所見,咳嗽・痰,ピンク色泡沫状の痰をきたす病態は？,肺水腫,,,総論III 咳嗽・痰 一問一答
qa-s3-013,qa,総論III 主要症候と身体所見,咳嗽・痰,卵白様の大量漿液性痰の呼称は？,ブロンコレア,,,総論III 咳嗽・痰 一問一答
qa-s3-014,qa,総論III 主要症候と身体所見,咳嗽・痰,喀痰Gram染色の品質評価分類は？,Geckler分類（4・5群が有用）,,,総論III 咳嗽・痰 一問一答
qa-s3-015,qa,総論III 主要症候と身体所見,咳嗽・痰,喀痰肉眼性状の分類（P3最良）は？,Miller & Jones分類,,,総論III 咳嗽・痰 一問一答
qa-s3-016,qa,総論III 主要症候と身体所見,咳嗽・痰,腐敗臭の痰が示唆する感染は？,嫌気性菌（肺膿瘍）,,,総論III 咳嗽・痰 一問一答
qa-s3-017,qa,総論III 主要症候と身体所見,咳嗽・痰,生乾き臭の痰が示唆する菌は？,モラクセラ,,,総論III 咳嗽・痰 一問一答
qa-s3-018,qa,総論III 主要症候と身体所見,咳嗽・痰,気管支拡張症・DPBへの少量長期投与薬は？,マクロライド系抗菌薬,,,総論III 咳嗽・痰 一問一答
qa-s3-019,qa,総論III 主要症候と身体所見,喀血・呼吸困難・喘鳴・胸痛,喀血の出血起源で最多は？,気管支動脈系（約90%）,,,総論III 喀血・呼吸困難・喘鳴・胸痛 一問一答
qa-s3-020,qa,総論III 主要症候と身体所見,喀血・呼吸困難・喘鳴・胸痛,ヘモジデリン貪食Mφがみられるのは喀血か吐血か？,喀血,,,総論III 喀血・呼吸困難・喘鳴・胸痛 一問一答
qa-s3-021,qa,総論III 主要症候と身体所見,喀血・呼吸困難・喘鳴・胸痛,喀血のpHは？,アルカリ性,,,総論III 喀血・呼吸困難・喘鳴・胸痛 一問一答
qa-s3-022,qa,総論III 主要症候と身体所見,喀血・呼吸困難・喘鳴・胸痛,大量喀血時の基本体位は？,出血側を下にする側臥位,,,総論III 喀血・呼吸困難・喘鳴・胸痛 一問一答
qa-s3-023,qa,総論III 主要症候と身体所見,喀血・呼吸困難・喘鳴・胸痛,局所病変からの大量喀血に有効な治療は？,気管支動脈塞栓術,,,総論III 喀血・呼吸困難・喘鳴・胸痛 一問一答
qa-s3-024,qa,総論III 主要症候と身体所見,喀血・呼吸困難・喘鳴・胸痛,呼吸困難の重症度評価スケールは？,mMRC（0〜4）,,,総論III 喀血・呼吸困難・喘鳴・胸痛 一問一答
qa-s3-025,qa,総論III 主要症候と身体所見,喀血・呼吸困難・喘鳴・胸痛,COPD増悪・うっ血性心不全の第一適応換気は？,NPPV,,,総論III 喀血・呼吸困難・喘鳴・胸痛 一問一答
qa-s3-026,qa,総論III 主要症候と身体所見,喀血・呼吸困難・喘鳴・胸痛,Ⅱ型呼吸不全（PaCO₂≥45）の酸素流量は？,低流量（0.5〜1.5 L/min）,,,総論III 喀血・呼吸困難・喘鳴・胸痛 一問一答
qa-s3-027,qa,総論III 主要症候と身体所見,喀血・呼吸困難・喘鳴・胸痛,吸気性喘鳴（stridor）の発生部位は？,中枢気道,,,総論III 喀血・呼吸困難・喘鳴・胸痛 一問一答
qa-s3-028,qa,総論III 主要症候と身体所見,喀血・呼吸困難・喘鳴・胸痛,呼気性喘鳴（wheezes）の発生部位は？,末梢気道,,,総論III 喀血・呼吸困難・喘鳴・胸痛 一問一答
qa-s3-029,qa,総論III 主要症候と身体所見,喀血・呼吸困難・喘鳴・胸痛,喘息の気道可逆性の基準は？,FEV₁が200 mL以上かつ12%以上増加,,,総論III 喀血・呼吸困難・喘鳴・胸痛 一問一答
qa-s3-030,qa,総論III 主要症候と身体所見,喀血・呼吸困難・喘鳴・胸痛,喘息で低下せずCOPDで低下する検査は？,DLCO,,,総論III 喀血・呼吸困難・喘鳴・胸痛 一問一答
qa-s3-031,qa,総論III 主要症候と身体所見,喀血・呼吸困難・喘鳴・胸痛,喘鳴を伴うアナフィラキシーの治療は？,adrenaline 0.5 mg 筋注,,,総論III 喀血・呼吸困難・喘鳴・胸痛 一問一答
qa-s3-032,qa,総論III 主要症候と身体所見,喀血・呼吸困難・喘鳴・胸痛,肺血栓塞栓症の心電図所見は？,S1Q3T3型,,,総論III 喀血・呼吸困難・喘鳴・胸痛 一問一答
qa-s3-033,qa,総論III 主要症候と身体所見,喀血・呼吸困難・喘鳴・胸痛,緊張性気胸の打診所見と治療は？,過共鳴音／針減圧＋胸腔ドレナージ,,,総論III 喀血・呼吸困難・喘鳴・胸痛 一問一答
qa-s3-034,qa,総論III 主要症候と身体所見,嗄声・チアノーゼ・バチ指・腫瘍随伴・異常呼吸・身体所見,左反回神経が反回する部位は？,大動脈弓下（AP window）,,,総論III 嗄声・チアノーゼ・バチ指・腫瘍随伴・異常呼吸・身体所見 一問一答
qa-s3-035,qa,総論III 主要症候と身体所見,嗄声・チアノーゼ・バチ指・腫瘍随伴・異常呼吸・身体所見,声帯麻痺の非手術的原因で最多の悪性腫瘍は？,甲状腺癌,,,総論III 嗄声・チアノーゼ・バチ指・腫瘍随伴・異常呼吸・身体所見 一問一答
qa-s3-036,qa,総論III 主要症候と身体所見,嗄声・チアノーゼ・バチ指・腫瘍随伴・異常呼吸・身体所見,ICSによる嗄声の機序は？,ステロイド沈着・真菌性喉頭炎,,,総論III 嗄声・チアノーゼ・バチ指・腫瘍随伴・異常呼吸・身体所見 一問一答
qa-s3-037,qa,総論III 主要症候と身体所見,嗄声・チアノーゼ・バチ指・腫瘍随伴・異常呼吸・身体所見,チアノーゼ出現の還元ヘモグロビン量は？,5 g/dL以上,,,総論III 嗄声・チアノーゼ・バチ指・腫瘍随伴・異常呼吸・身体所見 一問一答
qa-s3-038,qa,総論III 主要症候と身体所見,嗄声・チアノーゼ・バチ指・腫瘍随伴・異常呼吸・身体所見,メトHbでチアノーゼが出現する割合は？,15%以上,,,総論III 嗄声・チアノーゼ・バチ指・腫瘍随伴・異常呼吸・身体所見 一問一答
qa-s3-039,qa,総論III 主要症候と身体所見,嗄声・チアノーゼ・バチ指・腫瘍随伴・異常呼吸・身体所見,末梢性チアノーゼで口腔粘膜の色は？,ピンク,,,総論III 嗄声・チアノーゼ・バチ指・腫瘍随伴・異常呼吸・身体所見 一問一答
qa-s3-040,qa,総論III 主要症候と身体所見,嗄声・チアノーゼ・バチ指・腫瘍随伴・異常呼吸・身体所見,貧血と多血、チアノーゼが出やすいのは？,多血,,,総論III 嗄声・チアノーゼ・バチ指・腫瘍随伴・異常呼吸・身体所見 一問一答
qa-s3-041,qa,総論III 主要症候と身体所見,嗄声・チアノーゼ・バチ指・腫瘍随伴・異常呼吸・身体所見,バチ指のPDRの基準値は？,1.0以上,,,総論III 嗄声・チアノーゼ・バチ指・腫瘍随伴・異常呼吸・身体所見 一問一答
qa-s3-042,qa,総論III 主要症候と身体所見,嗄声・チアノーゼ・バチ指・腫瘍随伴・異常呼吸・身体所見,hyponychial angleの陽性基準は？,190°以上,,,総論III 嗄声・チアノーゼ・バチ指・腫瘍随伴・異常呼吸・身体所見 一問一答
qa-s3-043,qa,総論III 主要症候と身体所見,嗄声・チアノーゼ・バチ指・腫瘍随伴・異常呼吸・身体所見,バチ指の機序に関与する増殖因子は？,PDGF・VEGF,,,総論III 嗄声・チアノーゼ・バチ指・腫瘍随伴・異常呼吸・身体所見 一問一答
qa-s3-044,qa,総論III 主要症候と身体所見,嗄声・チアノーゼ・バチ指・腫瘍随伴・異常呼吸・身体所見,COPD単独でのバチ指がまれな点から疑うべきは？,肺癌・間質性肺炎の合併,,,総論III 嗄声・チアノーゼ・バチ指・腫瘍随伴・異常呼吸・身体所見 一問一答
qa-s3-045,qa,総論III 主要症候と身体所見,嗄声・チアノーゼ・バチ指・腫瘍随伴・異常呼吸・身体所見,SIADHを合併しやすい肺癌は？,小細胞癌,,,総論III 嗄声・チアノーゼ・バチ指・腫瘍随伴・異常呼吸・身体所見 一問一答
qa-s3-046,qa,総論III 主要症候と身体所見,嗄声・チアノーゼ・バチ指・腫瘍随伴・異常呼吸・身体所見,腫瘍性高Ca血症をきたすペプチドは？,PTH-rP（扁平上皮癌）,,,総論III 嗄声・チアノーゼ・バチ指・腫瘍随伴・異常呼吸・身体所見 一問一答
qa-s3-047,qa,総論III 主要症候と身体所見,嗄声・チアノーゼ・バチ指・腫瘍随伴・異常呼吸・身体所見,SIADHのNa補正速度の上限は？,24時間で8 mEq/L以下,,,総論III 嗄声・チアノーゼ・バチ指・腫瘍随伴・異常呼吸・身体所見 一問一答
qa-s3-048,qa,総論III 主要症候と身体所見,嗄声・チアノーゼ・バチ指・腫瘍随伴・異常呼吸・身体所見,LEMSの自己抗体は？,抗P/Q型VGCC抗体,,,総論III 嗄声・チアノーゼ・バチ指・腫瘍随伴・異常呼吸・身体所見 一問一答
qa-s3-049,qa,総論III 主要症候と身体所見,嗄声・チアノーゼ・バチ指・腫瘍随伴・異常呼吸・身体所見,LEMSの高頻度刺激での所見は？,waxing（漸増）,,,総論III 嗄声・チアノーゼ・バチ指・腫瘍随伴・異常呼吸・身体所見 一問一答
qa-s3-050,qa,総論III 主要症候と身体所見,嗄声・チアノーゼ・バチ指・腫瘍随伴・異常呼吸・身体所見,浅速呼吸（panting）をきたす疾患は？,間質性肺炎・癌性リンパ管症,,,総論III 嗄声・チアノーゼ・バチ指・腫瘍随伴・異常呼吸・身体所見 一問一答
qa-s3-051,qa,総論III 主要症候と身体所見,嗄声・チアノーゼ・バチ指・腫瘍随伴・異常呼吸・身体所見,漸増漸減と無呼吸を繰り返す呼吸は？,Cheyne-Stokes呼吸,,,総論III 嗄声・チアノーゼ・バチ指・腫瘍随伴・異常呼吸・身体所見 一問一答
qa-s3-052,qa,総論III 主要症候と身体所見,嗄声・チアノーゼ・バチ指・腫瘍随伴・異常呼吸・身体所見,アシドーシスでみられる深い大呼吸は？,Kussmaul大呼吸,,,総論III 嗄声・チアノーゼ・バチ指・腫瘍随伴・異常呼吸・身体所見 一問一答
qa-s3-053,qa,総論III 主要症候と身体所見,嗄声・チアノーゼ・バチ指・腫瘍随伴・異常呼吸・身体所見,胸鎖乳突筋肥大／中斜角筋肥大が示唆する疾患は？,COPD／拘束性（間質性）肺疾患,,,総論III 嗄声・チアノーゼ・バチ指・腫瘍随伴・異常呼吸・身体所見 一問一答
qa-s3-054,qa,総論III 主要症候と身体所見,嗄声・チアノーゼ・バチ指・腫瘍随伴・異常呼吸・身体所見,触覚振盪が減弱する病態は？,胸水・気胸・無気肺,,,総論III 嗄声・チアノーゼ・バチ指・腫瘍随伴・異常呼吸・身体所見 一問一答
qa-s3-055,qa,総論III 主要症候と身体所見,嗄声・チアノーゼ・バチ指・腫瘍随伴・異常呼吸・身体所見,COPDの打診音は？,過共鳴音,,,総論III 嗄声・チアノーゼ・バチ指・腫瘍随伴・異常呼吸・身体所見 一問一答
qa-s3-056,qa,総論III 主要症候と身体所見,嗄声・チアノーゼ・バチ指・腫瘍随伴・異常呼吸・身体所見,間質性肺炎で吸気終末に聴取するラ音は？,fine crackles,,,総論III 嗄声・チアノーゼ・バチ指・腫瘍随伴・異常呼吸・身体所見 一問一答
qa-s3-057,qa,総論III 主要症候と身体所見,嗄声・チアノーゼ・バチ指・腫瘍随伴・異常呼吸・身体所見,気管支拡張症で吸気早期に聴取するラ音は？,coarse crackles,,,総論III 嗄声・チアノーゼ・バチ指・腫瘍随伴・異常呼吸・身体所見 一問一答
qa-s3-058,qa,総論III 主要症候と身体所見,嗄声・チアノーゼ・バチ指・腫瘍随伴・異常呼吸・身体所見,縦隔気腫で聴取される徴候は？,Hamman徴候,,,総論III 嗄声・チアノーゼ・バチ指・腫瘍随伴・異常呼吸・身体所見 一問一答
mcq-s3-001,mcq,総論III 主要症候と身体所見,咳嗽・痰,問1 咳嗽の分類で正しいのはどれか。,c,反射的咳嗽は全麻下でも発生、随意的咳嗽は発生しない。気道刺激性咳嗽（urge-to-cough）は慢性咳嗽の主因。CHSは感受性亢進、脳血管障害は感受性低下。,"{""a"": ""反射的咳嗽は全身麻酔下では発生しない"", ""b"": ""随意的咳嗽は全身麻酔下でも発生する"", ""c"": ""気道刺激による咳嗽は慢性咳嗽の主要原因である"", ""d"": ""咳過敏症候群では咳感受性が低下する"", ""e"": ""脳血管障害では咳感受性が亢進する""}",総論III 咳嗽・痰 5択
mcq-s3-002,mcq,総論III 主要症候と身体所見,咳嗽・痰,問2 咳嗽の持続期間・誘発因子で正しいのはどれか。,b,急性<3週、遷延性3〜8週、慢性≥8週。咳喘息は乾性。GERDは起床後、後鼻漏は臥位で増悪。,"{""a"": ""急性咳嗽は8週間未満である"", ""b"": ""慢性咳嗽は8週間以上である"", ""c"": ""咳喘息は湿性咳嗽が典型である"", ""d"": ""後鼻漏は起床後に増悪する"", ""e"": ""GERDは臥位で増悪する""}",総論III 咳嗽・痰 5択
mcq-s3-003,mcq,総論III 主要症候と身体所見,咳嗽・痰,問3 慢性咳嗽の治療で誤っているのはどれか。,e,難治性慢性咳嗽には神経調節薬（gabapentin/pregabalin）やP2X3受容体拮抗薬（gefapixant）を用いる。抗菌薬は適応でない。,"{""a"": ""咳喘息にICS＋SABA"", ""b"": ""GERDにPPI"", ""c"": ""アトピー咳嗽に抗ヒスタミン薬"", ""d"": ""薬剤性咳嗽は原因薬を中止"", ""e"": ""難治性咳嗽に抗菌薬を第一選択とする""}",総論III 咳嗽・痰 5択
mcq-s3-004,mcq,総論III 主要症候と身体所見,咳嗽・痰,問4 喀痰の性状と疾患の組合せで誤っているのはどれか。,e,卵白様の大量漿液性痰（ブロンコレア）はARDS・気管支喘息・浸潤性粘液腺癌でみられる。肺炎球菌は鉄さび色痰。,"{""a"": ""鉄さび色 — 肺炎球菌肺炎"", ""b"": ""苺ゼリー状 — クレブシエラ"", ""c"": ""ピンク泡沫状 — 肺水腫"", ""d"": ""緑色 — 緑膿菌定着"", ""e"": ""卵白様大量漿液性 — 肺炎球菌肺炎""}",総論III 咳嗽・痰 5択
mcq-s3-005,mcq,総論III 主要症候と身体所見,咳嗽・痰,問5 喀痰検査について正しいのはどれか。,c,Miller&Jonesは肉眼性状（P3最良）。Geckler分類はGram染色品質で4・5群が原因菌診断に有用。腐敗臭＝嫌気性菌（肺膿瘍）、生乾き臭＝モラクセラ。,"{""a"": ""Miller & Jones分類はGram染色の品質評価である"", ""b"": ""Geckler分類で1群が原因菌診断に最適である"", ""c"": ""腐敗臭は嫌気性菌感染を示唆する"", ""d"": ""生乾き臭は緑膿菌を示唆する"", ""e"": ""Miller & Jones分類ではP1が最良である""}",総論III 咳嗽・痰 5択
mcq-s3-006,mcq,総論III 主要症候と身体所見,喀血・呼吸困難・喘鳴・胸痛,問6 喀血について正しいのはどれか。,d,出血起源は気管支動脈系が約90%。肺癌は約10%。体位は出血側を下に。喀血は鮮紅色・泡沫状・凝固しない（暗赤色・凝固は吐血）。,"{""a"": ""出血起源は肺動脈系が約90%である"", ""b"": ""肺癌は喀血原因の約50%である"", ""c"": ""大量喀血では出血側を上にして安静にする"", ""d"": ""局所病変の大量出血に気管支動脈塞栓術が有効である"", ""e"": ""喀血は暗赤色で凝固する""}",総論III 喀血・呼吸困難・喘鳴・胸痛 5択
mcq-s3-007,mcq,総論III 主要症候と身体所見,喀血・呼吸困難・喘鳴・胸痛,問7 喀血と吐血の鑑別で、喀血の特徴はどれか。,d,喀血は鮮紅色・泡沫状・アルカリ性・喀痰混在・ヘモジデリン貪食Mφを認める。暗赤色・酸性・食物残渣・嘔吐は吐血。,"{""a"": ""暗赤色"", ""b"": ""酸性"", ""c"": ""食物残渣が混在"", ""d"": ""ヘモジデリン貪食マクロファージを認める"", ""e"": ""嘔吐とともに吐出される""}",総論III 喀血・呼吸困難・喘鳴・胸痛 5択
mcq-s3-008,mcq,総論III 主要症候と身体所見,喀血・呼吸困難・喘鳴・胸痛,問8 呼吸困難・呼吸不全について正しいのはどれか。,d,呼吸困難は主観的な不快感。窒息・喘息重積はⅡ型を呈しうる。Ⅱ型慢性呼吸不全の増悪では低O₂ driveのため高濃度酸素は一般に禁忌。Ⅱ型は低流量酸素。,"{""a"": ""呼吸困難は客観的な低酸素状態である"", ""b"": ""喘息重積発作は必ずⅠ型呼吸不全である"", ""c"": ""Ⅱ型慢性呼吸不全の増悪では高濃度酸素が第一選択である"", ""d"": ""COPD増悪はNPPVの第一適応である"", ""e"": ""Ⅱ型呼吸不全には高流量酸素を行う""}",総論III 喀血・呼吸困難・喘鳴・胸痛 5択
mcq-s3-009,mcq,総論III 主要症候と身体所見,喀血・呼吸困難・喘鳴・胸痛,問9 喘鳴について正しいのはどれか。,d,stridor＝中枢気道（吸気性）、wheezes＝末梢気道（呼気性）、rhonchi＝低調。吸気性喘鳴はアナフィラキシー・喉頭浮腫・喉頭蓋炎・気道異物など緊急が多い。喘鳴は250 msec以上。,"{""a"": ""吸気性喘鳴（stridor）は末梢気道で生じる"", ""b"": ""呼気性喘鳴（wheezes）は中枢気道で生じる"", ""c"": ""rhonchiは高調性連続音である"", ""d"": ""吸気性喘鳴をきたす疾患には緊急対応を要するものが多い"", ""e"": ""喘鳴は持続100 msec未満の音である""}",総論III 喀血・呼吸困難・喘鳴・胸痛 5択
mcq-s3-010,mcq,総論III 主要症候と身体所見,喀血・呼吸困難・喘鳴・胸痛,問10 喘息の検査で正しいのはどれか。,c,可逆性はFEV₁が200 mL以上かつ12%以上増加。DLCOは喘息で低下せずCOPDで低下。喀痰好酸球は3%以上、FeNOは高値が喘息を示唆。,"{""a"": ""β₂刺激薬後にFEV₁が100 mL増加で可逆性陽性"", ""b"": ""DLCOは喘息で低下する"", ""c"": ""DLCOはCOPDで低下する"", ""d"": ""喀痰好酸球1%以上で喘息を示唆する"", ""e"": ""FeNOは喘息で低値となる""}",総論III 喀血・呼吸困難・喘鳴・胸痛 5択
mcq-s3-011,mcq,総論III 主要症候と身体所見,喀血・呼吸困難・喘鳴・胸痛,問11 胸痛をきたす呼吸器疾患について正しいのはどれか。,a,肺塞栓ではS1Q3T3型右軸変位を認めうる。緊張性気胸は過共鳴・呼吸音消失・気管健側偏位→針減圧＋ドレナージ。深呼吸で増強は胸膜炎・肋骨骨折。圧痛があれば深在性疾患は否定的。,"{""a"": ""肺塞栓の心電図はS1Q3T3型を呈することがある"", ""b"": ""緊張性気胸では患側で打診濁音となる"", ""c"": ""心筋梗塞は深呼吸で増強する"", ""d"": ""圧痛があれば深在性内臓疾患を強く疑う"", ""e"": ""緊張性気胸の治療は抗凝固療法である""}",総論III 喀血・呼吸困難・喘鳴・胸痛 5択
mcq-s3-012,mcq,総論III 主要症候と身体所見,嗄声・チアノーゼ・バチ指・腫瘍随伴・異常呼吸・身体所見,問12 嗄声と反回神経について正しいのはどれか。,c,左反回神経は大動脈弓下（AP window）を反回し走行が長いため縦隔病変で左声帯麻痺をきたしやすい。ICS嗄声はステロイド沈着・真菌性喉頭炎。非手術的原因の悪性腫瘍は甲状腺癌26%が最多。,"{""a"": ""右反回神経は大動脈弓を反回する"", ""b"": ""左反回神経は右鎖骨下動脈を反回する"", ""c"": ""縦隔病変では左声帯麻痺をきたしやすい"", ""d"": ""ICSによる嗄声は気道過敏による"", ""e"": ""声帯麻痺の非手術的原因で最多は肺癌である""}",総論III 嗄声・チアノーゼ・バチ指・腫瘍随伴・異常呼吸・身体所見 5択
mcq-s3-013,mcq,総論III 主要症候と身体所見,嗄声・チアノーゼ・バチ指・腫瘍随伴・異常呼吸・身体所見,問13 チアノーゼについて正しいのはどれか。,d,還元Hb 5 g/dL以上で出現（絶対量と関連→貧血で出にくく多血で出やすい）。末梢性は口腔粘膜ピンク。メトHbは15%以上でチアノーゼ。チアノーゼ時SpO₂は不正確で動脈血ガスが必要。,"{""a"": ""還元ヘモグロビン2 g/dLで出現する"", ""b"": ""貧血では出現しやすい"", ""c"": ""末梢性では口腔粘膜もチアノーゼを呈する"", ""d"": ""メトヘモグロビン血症は15%以上でチアノーゼを呈する"", ""e"": ""チアノーゼ時はSpO₂が正確である""}",総論III 嗄声・チアノーゼ・バチ指・腫瘍随伴・異常呼吸・身体所見 5択
mcq-s3-014,mcq,総論III 主要症候と身体所見,嗄声・チアノーゼ・バチ指・腫瘍随伴・異常呼吸・身体所見,問14 バチ指について正しいのはどれか。,d,バチ指ではPDR≥1.0、hyponychial angle≥190°で陽性。COPD単独はまれ。巨核球・血小板集塊によるPDGF・VEGFが関与。Schamroth徴候はダイヤモンド型隙間の消失。,"{""a"": ""PDR（末節骨/DIP厚比）はバチ指で1.0未満となる"", ""b"": ""hyponychial angleは150°以上で陽性である"", ""c"": ""COPD単独で高頻度にみられる"", ""d"": ""機序にPDGF・VEGFが関与する"", ""e"": ""Schamroth徴候陽性では隙間が拡大する""}",総論III 嗄声・チアノーゼ・バチ指・腫瘍随伴・異常呼吸・身体所見 5択
mcq-s3-015,mcq,総論III 主要症候と身体所見,嗄声・チアノーゼ・バチ指・腫瘍随伴・異常呼吸・身体所見,問15 腫瘍随伴症候群について正しいのはどれか。,c,腫瘍随伴症候群は小細胞癌で約50%。SIADHは小細胞癌、高Ca血症はPTH-rP（扁平上皮癌）。LEMSは高頻度刺激でwaxing。SIADHのNa補正は24時間で8 mEq/L以下。,"{""a"": ""肺癌では非小細胞癌に最も多い"", ""b"": ""SIADHは扁平上皮癌に多い"", ""c"": ""腫瘍性高Ca血症はPTH-rPによるものが多い"", ""d"": ""LEMSは低頻度刺激でwaxingを示す"", ""e"": ""SIADHのNa補正は24時間で20 mEq/L上昇させる""}",総論III 嗄声・チアノーゼ・バチ指・腫瘍随伴・異常呼吸・身体所見 5択
mcq-s3-016,mcq,総論III 主要症候と身体所見,嗄声・チアノーゼ・バチ指・腫瘍随伴・異常呼吸・身体所見,問16 Lambert-Eaton筋無力症候群について正しいのはどれか。,c,"LEMSはP/Q型VGCC抗体（90%以上陽性）によりACh放出が障害。高頻度刺激でwaxing（漸増）。小細胞癌と関連。3,4-DAPはACh放出を改善し治療に用いる。","{""a"": ""アセチルコリン受容体抗体が陽性となる"", ""b"": ""抗VGCC抗体は10%程度で陽性となる"", ""c"": ""高頻度反復刺激で電位振幅が増大する"", ""d"": ""小細胞癌との関連はない"", ""e"": ""治療に3,4-DAPは禁忌である""}",総論III 嗄声・チアノーゼ・バチ指・腫瘍随伴・異常呼吸・身体所見 5択
mcq-s3-017,mcq,総論III 主要症候と身体所見,嗄声・チアノーゼ・バチ指・腫瘍随伴・異常呼吸・身体所見,問17 異常呼吸について正しいのはどれか。,b,Cheyne-Stokesは漸増漸減＋無呼吸の反復。Kussmaulはアシドーシス。浅速呼吸（panting）は拘束性（間質性肺炎・癌性リンパ管症）。trepopneaは患側を上に。頻呼吸は20回/min以上。,"{""a"": ""Kussmaul大呼吸はアルカローシスでみられる"", ""b"": ""Cheyne-Stokes呼吸は漸増漸減と無呼吸を繰り返す"", ""c"": ""浅速呼吸は閉塞性障害に特徴的である"", ""d"": ""trepopneaは患側を下にする"", ""e"": ""頻呼吸は12回/min以下をいう""}",総論III 嗄声・チアノーゼ・バチ指・腫瘍随伴・異常呼吸・身体所見 5択
mcq-s3-018,mcq,総論III 主要症候と身体所見,嗄声・チアノーゼ・バチ指・腫瘍随伴・異常呼吸・身体所見,問18 胸部聴診所見について正しいのはどれか。,c,fine crackles（吸気終末・捻髪音）は間質性肺炎、coarse crackles（吸気早期・水泡音）は気管支拡張症・肺炎。rhonchiは低調。胸膜摩擦音は胸水増加でむしろ消失。,"{""a"": ""fine cracklesは気管支拡張症に特徴的である"", ""b"": ""coarse cracklesは吸気終末に最強となる"", ""c"": ""間質性肺炎ではfine cracklesが吸気終末に聴取される"", ""d"": ""rhonchiは高調性連続音である"", ""e"": ""胸膜摩擦音は胸水増加で増強する""}",総論III 嗄声・チアノーゼ・バチ指・腫瘍随伴・異常呼吸・身体所見 5択
mcq-s3-019,mcq,総論III 主要症候と身体所見,嗄声・チアノーゼ・バチ指・腫瘍随伴・異常呼吸・身体所見,問19 胸部視診・触診・打診について正しいのはどれか。,d,胸鎖乳突筋肥大＝COPD、中斜角筋肥大＝拘束性（間質性）。COPDの打診は過共鳴。触覚振盪の減弱は胸水・気胸・無気肺。Hoover徴候は吸気で肋骨弓が鋭角になる（高度気流制限）。,"{""a"": ""中斜角筋優位の肥大はCOPDを示唆する"", ""b"": ""胸鎖乳突筋肥大は間質性肺疾患を示唆する"", ""c"": ""COPDの打診は濁音となる"", ""d"": ""触覚振盪の減弱は胸水・気胸でみられる"", ""e"": ""Hoover徴候は吸気で肋骨弓が鈍角になる所見である""}",総論III 嗄声・チアノーゼ・バチ指・腫瘍随伴・異常呼吸・身体所見 5択
qa-s4-001,qa,総論IV 検査,血液・生化学・免疫・腫瘍マーカー,好中球増多で核左方移動を伴う代表疾患は？,細菌感染症,,,総論IV 血液・生化学・免疫・腫瘍マーカー 一問一答
qa-s4-002,qa,総論IV 検査,血液・生化学・免疫・腫瘍マーカー,"著明な好酸球増多（2,000/μL以上）で疑う3疾患は？",寄生虫・EGPA・ABPA,,,総論IV 血液・生化学・免疫・腫瘍マーカー 一問一答
qa-s4-003,qa,総論IV 検査,血液・生化学・免疫・腫瘍マーカー,慢性好酸球性肺炎と急性好酸球性肺炎で病初期の好酸球増多があるのは？,慢性（急性は病初期になし）,,,総論IV 血液・生化学・免疫・腫瘍マーカー 一問一答
qa-s4-004,qa,総論IV 検査,血液・生化学・免疫・腫瘍マーカー,IPFの予後と関連する末梢血のバイオマーカー候補は？,単球数,,,総論IV 血液・生化学・免疫・腫瘍マーカー 一問一答
qa-s4-005,qa,総論IV 検査,血液・生化学・免疫・腫瘍マーカー,全身炎症があってもCRPが上昇しにくい膠原病は？,SLE・皮膚筋炎・強皮症,,,総論IV 血液・生化学・免疫・腫瘍マーカー 一問一答
qa-s4-006,qa,総論IV 検査,血液・生化学・免疫・腫瘍マーカー,CRP上昇をマスクする薬剤・状態を2つ？,ステロイド・抗IL-6受容体抗体,,,総論IV 血液・生化学・免疫・腫瘍マーカー 一問一答
qa-s4-007,qa,総論IV 検査,血液・生化学・免疫・腫瘍マーカー,細菌感染症に有用なカルシトニン前駆物質は？,プロカルシトニン,,,総論IV 血液・生化学・免疫・腫瘍マーカー 一問一答
qa-s4-008,qa,総論IV 検査,血液・生化学・免疫・腫瘍マーカー,omalizumab適応となる総IgEの範囲は？,"30〜1,500 IU/mL",,,総論IV 血液・生化学・免疫・腫瘍マーカー 一問一答
qa-s4-009,qa,総論IV 検査,血液・生化学・免疫・腫瘍マーカー,間質性肺炎でⅡ型肺胞上皮から産生される代表マーカーは？,KL-6・SP-D・SP-A,,,総論IV 血液・生化学・免疫・腫瘍マーカー 一問一答
qa-s4-010,qa,総論IV 検査,血液・生化学・免疫・腫瘍マーカー,KL-6が上昇する悪性腫瘍は？,上皮性悪性腫瘍（肺癌など）,,,総論IV 血液・生化学・免疫・腫瘍マーカー 一問一答
qa-s4-011,qa,総論IV 検査,血液・生化学・免疫・腫瘍マーカー,肺サルコイドーシスで30〜60%上昇する酵素は？,ACE（アンジオテンシン転換酵素）,,,総論IV 血液・生化学・免疫・腫瘍マーカー 一問一答
qa-s4-012,qa,総論IV 検査,血液・生化学・免疫・腫瘍マーカー,MCTDで陽性となる自己抗体は？,抗U1-RNP,,,総論IV 血液・生化学・免疫・腫瘍マーカー 一問一答
qa-s4-013,qa,総論IV 検査,血液・生化学・免疫・腫瘍マーカー,全身性強皮症で陽性となる抗体を1つ？,抗Scl-70（抗セントロメア等）,,,総論IV 血液・生化学・免疫・腫瘍マーカー 一問一答
qa-s4-014,qa,総論IV 検査,血液・生化学・免疫・腫瘍マーカー,RAで陽性となる自己抗体は？,抗CCP,,,総論IV 血液・生化学・免疫・腫瘍マーカー 一問一答
qa-s4-015,qa,総論IV 検査,血液・生化学・免疫・腫瘍マーカー,GPAで特徴的なANCAは？,PR3-ANCA,,,総論IV 血液・生化学・免疫・腫瘍マーカー 一問一答
qa-s4-016,qa,総論IV 検査,血液・生化学・免疫・腫瘍マーカー,特異的IgEの現在の主流測定法は？,FEIA法（ImmunoCAP法）,,,総論IV 血液・生化学・免疫・腫瘍マーカー 一問一答
qa-s4-017,qa,総論IV 検査,血液・生化学・免疫・腫瘍マーカー,アレルゲン同定の信頼度は皮膚テストと特異的IgEどちらが高い？,皮膚テスト,,,総論IV 血液・生化学・免疫・腫瘍マーカー 一問一答
qa-s4-018,qa,総論IV 検査,血液・生化学・免疫・腫瘍マーカー,DLSTが偽陰性になりやすい薬剤は？,ステロイド・免疫抑制薬・抗腫瘍薬,,,総論IV 血液・生化学・免疫・腫瘍マーカー 一問一答
qa-s4-019,qa,総論IV 検査,血液・生化学・免疫・腫瘍マーカー,小細胞肺癌の腫瘍マーカー2つは？,NSE・proGRP,,,総論IV 血液・生化学・免疫・腫瘍マーカー 一問一答
qa-s4-020,qa,総論IV 検査,血液・生化学・免疫・腫瘍マーカー,扁平上皮癌で感度が高く喫煙の影響を受けないマーカーは？,CYFRA21-1,,,総論IV 血液・生化学・免疫・腫瘍マーカー 一問一答
qa-s4-021,qa,総論IV 検査,血液・生化学・免疫・腫瘍マーカー,肺腺癌で早期から高値となるマーカーは？,CEA,,,総論IV 血液・生化学・免疫・腫瘍マーカー 一問一答
qa-s4-022,qa,総論IV 検査,血液・生化学・免疫・腫瘍マーカー,腫瘍マーカーで検出しないよう推奨される癌は？,肺癌・悪性胸膜中皮腫,,,総論IV 血液・生化学・免疫・腫瘍マーカー 一問一答
qa-s4-023,qa,総論IV 検査,感染症診断・喀痰・画像・核医学,塗抹で原因菌の可能性が高い所見は？,好中球による貪食像,,,総論IV 感染症診断・喀痰・画像・核医学 一問一答
qa-s4-024,qa,総論IV 検査,感染症診断・喀痰・画像・核医学,ニューモシスチスを疑う際の染色法は？,鍍銀染色・ディフクイック染色,,,総論IV 感染症診断・喀痰・画像・核医学 一問一答
qa-s4-025,qa,総論IV 検査,感染症診断・喀痰・画像・核医学,ノカルジア疑いで延長する培養期間は？,7〜10日（長期培養）,,,総論IV 感染症診断・喀痰・画像・核医学 一問一答
qa-s4-026,qa,総論IV 検査,感染症診断・喀痰・画像・核医学,β-D-グルカンが陰性となる真菌は？,クリプトコックス・ムーコル,,,総論IV 感染症診断・喀痰・画像・核医学 一問一答
qa-s4-027,qa,総論IV 検査,感染症診断・喀痰・画像・核医学,β-D-グルカンの偽陽性原因を2つ？,透析・血液製剤使用,,,総論IV 感染症診断・喀痰・画像・核医学 一問一答
qa-s4-028,qa,総論IV 検査,感染症診断・喀痰・画像・核医学,IGRAが交叉せず特異度が高い理由（BCG以外）？,MAC（M. avium complex）と交叉しない,,,総論IV 感染症診断・喀痰・画像・核医学 一問一答
qa-s4-029,qa,総論IV 検査,感染症診断・喀痰・画像・核医学,感染からIGRA陽性化までの期間は？,8〜10週間,,,総論IV 感染症診断・喀痰・画像・核医学 一問一答
qa-s4-030,qa,総論IV 検査,感染症診断・喀痰・画像・核医学,誘発喀痰で禁忌の吸入液は？,滅菌蒸留水（低浸透圧）,,,総論IV 感染症診断・喀痰・画像・核医学 一問一答
qa-s4-031,qa,総論IV 検査,感染症診断・喀痰・画像・核医学,喀痰肉眼評価に用いる分類は？,Miller & Jones分類,,,総論IV 感染症診断・喀痰・画像・核医学 一問一答
qa-s4-032,qa,総論IV 検査,感染症診断・喀痰・画像・核医学,臓側胸膜由来で間質性肺炎に上昇するマーカーで疾患特異度の高いものは？,KL-6・SP-D・SP-A,,,総論IV 感染症診断・喀痰・画像・核医学 一問一答
qa-s4-033,qa,総論IV 検査,感染症診断・喀痰・画像・核医学,CT上のリンパ節転移診断基準（短径）は？,10mm以上,,,総論IV 感染症診断・喀痰・画像・核医学 一問一答
qa-s4-034,qa,総論IV 検査,感染症診断・喀痰・画像・核医学,胸部CTの肺野条件のおおよそのWL/WWは？,WL -500〜-700／WW 1200〜2000,,,総論IV 感染症診断・喀痰・画像・核医学 一問一答
qa-s4-035,qa,総論IV 検査,感染症診断・喀痰・画像・核医学,MRIで最も有用とされる臨床適応（因子診断）は？,N因子診断（STIR/DWIで転移=高信号）,,,総論IV 感染症診断・喀痰・画像・核医学 一問一答
qa-s4-036,qa,総論IV 検査,感染症診断・喀痰・画像・核医学,肺血流シンチで肺塞栓を示す所見は？,区域性の換気・血流ミスマッチ,,,総論IV 感染症診断・喀痰・画像・核医学 一問一答
qa-s4-037,qa,総論IV 検査,感染症診断・喀痰・画像・核医学,133Xeガスの半減期と回路は？,5.24日・閉鎖回路,,,総論IV 感染症診断・喀痰・画像・核医学 一問一答
qa-s4-038,qa,総論IV 検査,感染症診断・喀痰・画像・核医学,骨転移検索でFDG-PET/CTが施行不能のとき推奨される検査は？,骨シンチグラフィ,,,総論IV 感染症診断・喀痰・画像・核医学 一問一答
qa-s4-039,qa,総論IV 検査,感染症診断・喀痰・画像・核医学,FDGの生理的集積が高く検出感度が低い転移部位は？,脳転移（→MRIが必要）,,,総論IV 感染症診断・喀痰・画像・核医学 一問一答
qa-s4-040,qa,総論IV 検査,感染症診断・喀痰・画像・核医学,サルコイドーシスの活動性評価に用いる核医学検査は？,Ga-67シンチ（またはFDG-PET）,,,総論IV 感染症診断・喀痰・画像・核医学 一問一答
qa-s4-041,qa,総論IV 検査,内視鏡・生検・穿刺・肺音・心電図,左に通常存在しない区域支は？,B7,,,総論IV 内視鏡・生検・穿刺・肺音・心電図 一問一答
qa-s4-042,qa,総論IV 検査,内視鏡・生検・穿刺・肺音・心電図,気管支壁の層構造は何層か？,6層,,,総論IV 内視鏡・生検・穿刺・肺音・心電図 一問一答
qa-s4-043,qa,総論IV 検査,内視鏡・生検・穿刺・肺音・心電図,EBUS-TBNAの診断精度（特異度・感度）は？,特異度100%・感度約90%,,,総論IV 内視鏡・生検・穿刺・肺音・心電図 一問一答
qa-s4-044,qa,総論IV 検査,内視鏡・生検・穿刺・肺音・心電図,BALで高い回収率が得られる選択部位は？,右中葉・左舌区,,,総論IV 内視鏡・生検・穿刺・肺音・心電図 一問一答
qa-s4-045,qa,総論IV 検査,内視鏡・生検・穿刺・肺音・心電図,BAL正常（非喫煙者）のマクロファージ分画は？,約87%,,,総論IV 内視鏡・生検・穿刺・肺音・心電図 一問一答
qa-s4-046,qa,総論IV 検査,内視鏡・生検・穿刺・肺音・心電図,サルコイドーシスのBALのCD4/CD8比は？,上昇,,,総論IV 内視鏡・生検・穿刺・肺音・心電図 一問一答
qa-s4-047,qa,総論IV 検査,内視鏡・生検・穿刺・肺音・心電図,iNSIP・COPでのBAL CD4/CD8比は？,低下,,,総論IV 内視鏡・生検・穿刺・肺音・心電図 一問一答
qa-s4-048,qa,総論IV 検査,内視鏡・生検・穿刺・肺音・心電図,IPFのBALF細胞分画の特徴は？,正常パターンに近い,,,総論IV 内視鏡・生検・穿刺・肺音・心電図 一問一答
qa-s4-049,qa,総論IV 検査,内視鏡・生検・穿刺・肺音・心電図,気管支鏡（末梢病変）で最多の合併症は？,気胸（0.70%）,,,総論IV 内視鏡・生検・穿刺・肺音・心電図 一問一答
qa-s4-050,qa,総論IV 検査,内視鏡・生検・穿刺・肺音・心電図,前斜角筋リンパ節生検の別名は？,Daniels' biopsy,,,総論IV 内視鏡・生検・穿刺・肺音・心電図 一問一答
qa-s4-051,qa,総論IV 検査,内視鏡・生検・穿刺・肺音・心電図,CTガイド下肺生検で最多の合併症は？,気胸（20〜30%）,,,総論IV 内視鏡・生検・穿刺・肺音・心電図 一問一答
qa-s4-052,qa,総論IV 検査,内視鏡・生検・穿刺・肺音・心電図,CTガイド下肺生検でまれだが致死的な合併症は？,空気塞栓,,,総論IV 内視鏡・生検・穿刺・肺音・心電図 一問一答
qa-s4-053,qa,総論IV 検査,内視鏡・生検・穿刺・肺音・心電図,胸腔穿刺で針を進める位置は？,下位肋骨の上縁,,,総論IV 内視鏡・生検・穿刺・肺音・心電図 一問一答
qa-s4-054,qa,総論IV 検査,内視鏡・生検・穿刺・肺音・心電図,再膨張性肺水腫予防の1日排液上限は？,1L程度,,,総論IV 内視鏡・生検・穿刺・肺音・心電図 一問一答
qa-s4-055,qa,総論IV 検査,内視鏡・生検・穿刺・肺音・心電図,気胸の超音波所見は？,seashore signの消失（バーコード様）,,,総論IV 内視鏡・生検・穿刺・肺音・心電図 一問一答
qa-s4-056,qa,総論IV 検査,内視鏡・生検・穿刺・肺音・心電図,間質性肺炎のcracklesの吸気内タイミングは？,吸気中期〜終期,,,総論IV 内視鏡・生検・穿刺・肺音・心電図 一問一答
qa-s4-057,qa,総論IV 検査,内視鏡・生検・穿刺・肺音・心電図,COPD・閉塞性細気管支炎のcracklesのタイミングは？,吸気初期,,,総論IV 内視鏡・生検・穿刺・肺音・心電図 一問一答
qa-s4-058,qa,総論IV 検査,内視鏡・生検・穿刺・肺音・心電図,急性PTEの心電図所見（3徴）は？,SⅠQⅢTⅢ,,,総論IV 内視鏡・生検・穿刺・肺音・心電図 一問一答
qa-s4-059,qa,総論IV 検査,内視鏡・生検・穿刺・肺音・心電図,右房負荷を示すP波は？,肺性P波（≧2.5mV）,,,総論IV 内視鏡・生検・穿刺・肺音・心電図 一問一答
qa-s4-060,qa,総論IV 検査,呼吸機能・血ガス・検診,拘束性換気障害の基準は？,%VC<80%,,,総論IV 呼吸機能・血ガス・検診 一問一答
qa-s4-061,qa,総論IV 検査,呼吸機能・血ガス・検診,閉塞性換気障害の基準は？,FEV1/FVC<70%,,,総論IV 呼吸機能・血ガス・検診 一問一答
qa-s4-062,qa,総論IV 検査,呼吸機能・血ガス・検診,スパイロで測定できない3つの肺気量は？,RV・FRC・TLC,,,総論IV 呼吸機能・血ガス・検診 一問一答
qa-s4-063,qa,総論IV 検査,呼吸機能・血ガス・検診,FRC測定法を2つ？,ガス希釈法・体プレチスモグラフ法,,,総論IV 呼吸機能・血ガス・検診 一問一答
qa-s4-064,qa,総論IV 検査,呼吸機能・血ガス・検診,閉塞性換気障害でRV/TLCは？,増加,,,総論IV 呼吸機能・血ガス・検診 一問一答
qa-s4-065,qa,総論IV 検査,呼吸機能・血ガス・検診,拘束性（肺弾性力↑）のFVカーブの形は？,逆釣鐘型,,,総論IV 呼吸機能・血ガス・検診 一問一答
qa-s4-066,qa,総論IV 検査,呼吸機能・血ガス・検診,上気道固定性閉塞のFVカーブは？,吸呼気とも平坦,,,総論IV 呼吸機能・血ガス・検診 一問一答
qa-s4-067,qa,総論IV 検査,呼吸機能・血ガス・検診,呼吸抵抗Rrsの測定法は？,強制（広域周波）オシレーション法,,,総論IV 呼吸機能・血ガス・検診 一問一答
qa-s4-068,qa,総論IV 検査,呼吸機能・血ガス・検診,COPD・高齢のP-V曲線のシフトは？,左上方（Cst増加）,,,総論IV 呼吸機能・血ガス・検診 一問一答
qa-s4-069,qa,総論IV 検査,呼吸機能・血ガス・検診,肺線維症のP-V曲線のシフトは？,右下方（Cst低下）,,,総論IV 呼吸機能・血ガス・検診 一問一答
qa-s4-070,qa,総論IV 検査,呼吸機能・血ガス・検診,安静吸気の約80%を担う筋は？,横隔膜,,,総論IV 呼吸機能・血ガス・検診 一問一答
qa-s4-071,qa,総論IV 検査,呼吸機能・血ガス・検診,経横隔膜圧Pdiの計算式は？,Pdi = Pga - Pes,,,総論IV 呼吸機能・血ガス・検診 一問一答
qa-s4-072,qa,総論IV 検査,呼吸機能・血ガス・検診,PaCO2と肺胞換気量VAの関係は？,反比例（PaCO2=0.863×VCO2/VA）,,,総論IV 呼吸機能・血ガス・検診 一問一答
qa-s4-073,qa,総論IV 検査,呼吸機能・血ガス・検診,高濃度O2で改善しにくい低酸素血症の機序は？,シャント（ARDS等）,,,総論IV 呼吸機能・血ガス・検診 一問一答
qa-s4-074,qa,総論IV 検査,呼吸機能・血ガス・検診,A-aDO2の正常上限は？,10mmHg,,,総論IV 呼吸機能・血ガス・検診 一問一答
qa-s4-075,qa,総論IV 検査,呼吸機能・血ガス・検診,COのHb親和性はO2の何倍？,20〜350倍,,,総論IV 呼吸機能・血ガス・検診 一問一答
qa-s4-076,qa,総論IV 検査,呼吸機能・血ガス・検診,酸素解離曲線を右方移動させる因子（Bohr効果）は？,"PCO2↑・pH↓（体温↑・2,3-DPG↑）",,,総論IV 呼吸機能・血ガス・検診 一問一答
qa-s4-077,qa,総論IV 検査,呼吸機能・血ガス・検診,PaO2 60TorrはSaO2何%に相当？,90%,,,総論IV 呼吸機能・血ガス・検診 一問一答
qa-s4-078,qa,総論IV 検査,呼吸機能・血ガス・検診,わが国の呼吸不全の基準（PaO2）は？,室内気で60mmHg以下,,,総論IV 呼吸機能・血ガス・検診 一問一答
qa-s4-079,qa,総論IV 検査,呼吸機能・血ガス・検診,Ⅱ型呼吸不全のPaCO2基準は？,45mmHg超,,,総論IV 呼吸機能・血ガス・検診 一問一答
qa-s4-080,qa,総論IV 検査,呼吸機能・血ガス・検診,AGが増加するアシドーシスを2つ？,糖尿病性ケトアシドーシス・乳酸アシドーシス,,,総論IV 呼吸機能・血ガス・検診 一問一答
qa-s4-081,qa,総論IV 検査,呼吸機能・血ガス・検診,6分間歩行で予後不良とされる距離は？,300m未満,,,総論IV 呼吸機能・血ガス・検診 一問一答
qa-s4-082,qa,総論IV 検査,呼吸機能・血ガス・検診,CPETの嫌気性代謝閾値ATの測定法は？,V-slope法,,,総論IV 呼吸機能・血ガス・検診 一問一答
qa-s4-083,qa,総論IV 検査,呼吸機能・血ガス・検診,睡眠呼吸障害の標準検査は？,PSG（睡眠ポリグラフ）,,,総論IV 呼吸機能・血ガス・検診 一問一答
qa-s4-084,qa,総論IV 検査,呼吸機能・血ガス・検診,低線量CT検診の対象（年齢・喫煙指数）は？,50〜74歳・喫煙指数600以上,,,総論IV 呼吸機能・血ガス・検診 一問一答
qa-s4-085,qa,総論IV 検査,呼吸機能・血ガス・検診,2025年に対策型検診から推奨外となった肺がん検診法は？,喀痰細胞診併用法,,,総論IV 呼吸機能・血ガス・検診 一問一答
mcq-s4-001,mcq,総論IV 検査,検査,問1 腫瘍マーカーと主な組織型の組み合わせで誤っているものはどれか。,d,proGRPは小細胞肺癌のマーカー。NSEより限局型・進展型とも感度・特異度が高い。扁平上皮癌はSCCとCYFRA21-1。,"{""a"": ""CEA ─ 肺腺癌"", ""b"": ""SCC ─ 肺扁平上皮癌"", ""c"": ""NSE ─ 小細胞肺癌"", ""d"": ""proGRP ─ 肺扁平上皮癌"", ""e"": ""CYFRA21-1 ─ 肺扁平上皮癌""}",総論IV 検査 5択
mcq-s4-002,mcq,総論IV 検査,検査,問2 CRPが上昇しにくい、あるいは上昇がマスクされる病態として誤っているものはどれか。,e,細菌性肺炎はCRPが上昇し重症度・治療効果の指標となる。SLE・皮膚筋炎・強皮症は全身炎症があってもCRPが上昇しにくく、ステロイドや抗IL-6受容体抗体は上昇をマスクする。,"{""a"": ""全身性エリテマトーデス"", ""b"": ""皮膚筋炎"", ""c"": ""強皮症"", ""d"": ""ステロイド投与中"", ""e"": ""細菌性肺炎""}",総論IV 検査 5択
mcq-s4-003,mcq,総論IV 検査,検査,問3 β-D-グルカンについて正しいものはどれか。,c,β-D-グルカンはアスペルギルス・カンジダ・ニューモシスチスで陽性、クリプトコックス・ムーコルでは陰性。透析・血液製剤で偽陽性。ガラクトマンナンはアスペルギルス抗原検査。,"{""a"": ""クリプトコックス症で陽性となる"", ""b"": ""ムーコル症で陽性となる"", ""c"": ""ニューモシスチス感染で陽性となる"", ""d"": ""透析では偽陽性とならない"", ""e"": ""ガラクトマンナンを検出する""}",総論IV 検査 5択
mcq-s4-004,mcq,総論IV 検査,検査,問4 気管支鏡・生検について誤っているものはどれか。,c,CTガイド下肺生検の最多合併症は気胸（20〜30%）。喀血・肺出血は次いで多い（約14%）。,"{""a"": ""左主気管支に通常 B7 はない"", ""b"": ""EBUS-TBNAの診断特異度は約100%である"", ""c"": ""CTガイド下肺生検の最多合併症は喀血である"", ""d"": ""気管支壁は6層構造である"", ""e"": ""BALは右中葉・左舌区が選択されやすい""}",総論IV 検査 5択
mcq-s4-005,mcq,総論IV 検査,検査,問5 IGRA（インターフェロンγ遊離試験）について正しいものはどれか。,d,IGRAはBCGやMACと交叉せず特異度が高い。感染後8〜10週で陽性化し、既感染例でも陽性となりうる。M. kansasii等とは交叉の可能性あり。,"{""a"": ""BCG接種の影響を受ける"", ""b"": ""M. avium complex と交叉反応する"", ""c"": ""感染後ただちに陽性化する"", ""d"": ""ツベルクリン反応より特異度が高い"", ""e"": ""既感染例では陰性となる""}",総論IV 検査 5択
mcq-s4-006,mcq,総論IV 検査,検査,問6 換気障害の判定で正しい組み合わせはどれか。,c,拘束性=%VC<80%、閉塞性=FEV1/FVC<70%、両者で混合性。閉塞性ではエアトラッピングでFVC<VCとなる。,"{""a"": ""拘束性：FEV1/FVC<70%"", ""b"": ""閉塞性：%VC<80%"", ""c"": ""拘束性：%VC<80%"", ""d"": ""混合性：%VC≧80%かつFEV1/FVC≧70%"", ""e"": ""閉塞性ではFVCがVCより増加する""}",総論IV 検査 5択
mcq-s4-007,mcq,総論IV 検査,検査,問7 フローボリューム曲線の所見で誤っているものはどれか。,d,胸郭外可動性閉塞は吸気フローが平坦化する。胸郭内可動性閉塞は呼気フロー平坦化、上気道固定性は吸呼気とも平坦。,"{""a"": ""閉塞性換気障害では呼出曲線が下に凸となる"", ""b"": ""拘束性換気障害では正常パターンの縮小や逆釣鐘型を呈する"", ""c"": ""上気道固定性閉塞では吸気・呼気フローがともに平坦化する"", ""d"": ""胸郭外可動性閉塞では呼気フローが平坦化する"", ""e"": ""胸郭内可動性閉塞では呼気フローが平坦化する""}",総論IV 検査 5択
mcq-s4-008,mcq,総論IV 検査,検査,問8 低酸素血症の機序のうち、高濃度酸素投与でPaO2が改善しにくいものはどれか。,d,肺内シャントは高濃度酸素でも改善が乏しい。V/Q不均等・肺胞低換気・拡散障害は酸素投与でPaO2が上昇する。,"{""a"": ""肺胞低換気"", ""b"": ""拡散障害"", ""c"": ""換気血流比不均等"", ""d"": ""肺内シャント（ARDSなど）"", ""e"": ""COPDによる低V/A・Q領域""}",総論IV 検査 5択
mcq-s4-009,mcq,総論IV 検査,検査,問9 酸素解離曲線を右方移動（O2親和性低下）させる因子として誤っているものはどれか。,e,"pH上昇（アルカローシス）は左方移動（O2親和性増大）。右方移動は体温↑・PCO2↑・pH↓（Bohr効果）・2,3-DPG↑。","{""a"": ""体温上昇"", ""b"": ""PCO2上昇"", ""c"": ""pH低下"", ""d"": ""2,3-DPG増加"", ""e"": ""pH上昇""}",総論IV 検査 5択
mcq-s4-010,mcq,総論IV 検査,検査,問10 わが国の呼吸不全の診断基準について正しいものはどれか。,d,室内気でPaO2 60mmHg以下が呼吸不全。PaCO2 45mmHg超がⅡ型。慢性は1ヵ月以上持続。準呼吸不全はPaO2 60超70以下。,"{""a"": ""室内気でPaO2 70mmHg以下を呼吸不全とする"", ""b"": ""PaCO2 45mmHg超をⅠ型とする"", ""c"": ""慢性呼吸不全は2週間以上持続するもの"", ""d"": ""PaO2 60mmHg以下を呼吸不全とする"", ""e"": ""準呼吸不全はPaO2 50〜60mmHg""}",総論IV 検査 5択
mcq-s4-011,mcq,総論IV 検査,検査,問11 核医学検査について誤っているものはどれか。,c,脳はFDGの生理的集積が高く脳転移の検出感度が低いため、脳転移の診断にはMRIが必要。,"{""a"": ""肺血流シンチでは99mTc-MAAを用いる"", ""b"": ""骨転移診断はFDG-PET/CTが骨シンチより優れる"", ""c"": ""脳転移はFDG-PET/CTが最も感度が高い"", ""d"": ""Ga-67シンチはサルコイドーシスの活動性評価に用いる"", ""e"": ""換気シンチで133Xeは閉鎖回路が必要""}",総論IV 検査 5択
mcq-s4-012,mcq,総論IV 検査,検査,問12 心電図所見と病態の組み合わせで誤っているものはどれか。,e,低電位・時計回転・V1-V4のQSパターンはCOPDなど過膨張（横隔膜低位）で生じ、前壁中隔梗塞との鑑別を要する。,"{""a"": ""肺性P波 ─ 右房負荷"", ""b"": ""SⅠQⅢTⅢ ─ 急性肺血栓塞栓症"", ""c"": ""右軸偏位 ─ 右室負荷"", ""d"": ""V1のR/S>1 ─ 右室肥大"", ""e"": ""低電位・QSパターン ─ 拘束性換気障害""}",総論IV 検査 5択
mcq-s4-013,mcq,総論IV 検査,検査,問13 BAL所見と疾患の組み合わせで正しいものはどれか。,c,サルコイドーシスはリンパ球増多・CD4/8比上昇。血性=肺胞出血、米のとぎ汁様=肺胞蛋白症。IPFのBALFは正常パターンに近く、リンパ球・好酸球増多ならIPF以外を考える。,"{""a"": ""米のとぎ汁様 ─ 肺胞出血"", ""b"": ""血性 ─ 肺胞蛋白症"", ""c"": ""リンパ球増多・CD4/8比上昇 ─ サルコイドーシス"", ""d"": ""好酸球増多 ─ IPF"", ""e"": ""リンパ球増多 ─ IPF""}",総論IV 検査 5択
mcq-s4-014,mcq,総論IV 検査,検査,問14 肺がん検診（2025年時点）について正しいものはどれか。,c,低線量CTは標準体型でCTDIvol 2.5mGy以下。対象は50〜74歳・喫煙指数600以上。喀痰細胞診は2025年に推奨外。要精検率目標は初回8%。非/軽喫煙者への対策型CT検診は推奨されない。,"{""a"": ""喀痰細胞診併用法が重喫煙者に強く推奨される"", ""b"": ""低線量CTの対象は40歳以上である"", ""c"": ""低線量CTのCTDIvolは2.5mGy以下が目安"", ""d"": ""要精検率の目標は初回20%である"", ""e"": ""非喫煙者にも低線量CTが対策型検診として推奨される""}",総論IV 検査 5択
qa-s5-001,qa,総論V 治療,治療,吸入粒子で口腔・咽頭沈着が最小となり末梢気道に沈着しやすいMMADは？,1〜3μm,,,総論V 治療 一問一答
qa-s5-002,qa,総論V 治療,治療,1μm未満の吸入粒子が主に沈着する部位は？,肺胞領域,,,総論V 治療 一問一答
qa-s5-003,qa,総論V 治療,治療,ICS含有製剤の吸入後に局所副作用予防のため必須の指導は？,うがい,,,総論V 治療 一問一答
qa-s5-004,qa,総論V 治療,治療,β2刺激薬の作用機序（細胞内シグナル）は？,cAMP増加→PKA活性化→平滑筋弛緩,,,総論V 治療 一問一答
qa-s5-005,qa,総論V 治療,治療,LAMAの代表的禁忌2つは？,閉塞隅角緑内障・前立腺肥大症（排尿障害）,,,総論V 治療 一問一答
qa-s5-006,qa,総論V 治療,治療,喘息でLABAを使う際の鉄則は？,単独使用しない（ICSと併用/配合剤）,,,総論V 治療 一問一答
qa-s5-007,qa,総論V 治療,治療,theophyllineの安全血中濃度域は？,10〜20μg/mL,,,総論V 治療 一問一答
qa-s5-008,qa,総論V 治療,治療,budesonide/formoterolを定期＋発作時追加吸入する療法は？,SMART療法,,,総論V 治療 一問一答
qa-s5-009,qa,総論V 治療,治療,COPDでのICS/LABAで増加が報告される合併症は？,肺炎,,,総論V 治療 一問一答
qa-s5-010,qa,総論V 治療,治療,難治性慢性咳嗽に用いる選択的P2X3受容体拮抗薬は？,gefapixant（リフヌア®）,,,総論V 治療 一問一答
qa-s5-011,qa,総論V 治療,治療,gefapixantの高頻度（6割以上）副作用は？,味覚関連障害（可逆性）,,,総論V 治療 一問一答
qa-s5-012,qa,総論V 治療,治療,湿性咳嗽の対症療法の基本となる薬は？,喀痰調整薬,,,総論V 治療 一問一答
qa-s5-013,qa,総論V 治療,治療,抗菌薬PK-PDで時間依存性の代表系統は？,β-ラクタム系,,,総論V 治療 一問一答
qa-s5-014,qa,総論V 治療,治療,濃度依存性の代表系統は？,キノロン・アミノグリコシド系,,,総論V 治療 一問一答
qa-s5-015,qa,総論V 治療,治療,ペニシリン系の最も重要な副作用は？,アレルギー（アナフィラキシーショック）,,,総論V 治療 一問一答
qa-s5-016,qa,総論V 治療,治療,ESBL産生菌に対する第一選択薬は？,カルバペネム系,,,総論V 治療 一問一答
qa-s5-017,qa,総論V 治療,治療,カルバペネムと併用禁忌の抗てんかん薬は？,sodium valproate,,,総論V 治療 一問一答
qa-s5-018,qa,総論V 治療,治療,カルバペネムの最も注意すべき副作用は？,中枢神経系（痙攣）,,,総論V 治療 一問一答
qa-s5-019,qa,総論V 治療,治療,DAPが肺炎に使用できない理由は？,肺サーファクタントで不活化されるため,,,総論V 治療 一問一答
qa-s5-020,qa,総論V 治療,治療,VCMの急速投与で生じる副作用は？,red man症候群,,,総論V 治療 一問一答
qa-s5-021,qa,総論V 治療,治療,VRCZでTDMが望ましい理由は？,治療血中濃度の個人差が大きい,,,総論V 治療 一問一答
qa-s5-022,qa,総論V 治療,治療,結核初期2か月の標準4剤は？,INH＋RFP＋PZA＋（SM or EB）,,,総論V 治療 一問一答
qa-s5-023,qa,総論V 治療,治療,EBの代表的副作用は？,視力障害,,,総論V 治療 一問一答
qa-s5-024,qa,総論V 治療,治療,抗インフルエンザ薬の投与開始期限は？,発症から48時間以内,,,総論V 治療 一問一答
qa-s5-025,qa,総論V 治療,治療,ニューモシスチス肺炎の第一選択薬は？,ST合剤,,,総論V 治療 一問一答
qa-s5-026,qa,総論V 治療,治療,誤嚥性肺炎で嫌気性菌をカバーする代表薬2つは？,CLDM・MNZ,,,総論V 治療 一問一答
qa-s5-027,qa,総論V 治療,治療,GCの抗炎症作用の主な分子機序2つは？,NF-κB抑制・AP-1抑制,,,総論V 治療 一問一答
qa-s5-028,qa,総論V 治療,治療,aspirin喘息でも安全で喫煙喘息にも有用な抗アレルギー薬は？,LTRA,,,総論V 治療 一問一答
qa-s5-029,qa,総論V 治療,治療,重症喘息の生物学的製剤で抗TSLP抗体は？,tezepelumab,,,総論V 治療 一問一答
qa-s5-030,qa,総論V 治療,治療,生物学的製剤の効果予測となる2型炎症マーカー3つは？,末梢血好酸球数・FeNO・血清ペリオスチン,,,総論V 治療 一問一答
qa-s5-031,qa,総論V 治療,治療,痰の少ない乾性咳嗽に用いる漢方薬は？,麦門冬湯,,,総論V 治療 一問一答
qa-s5-032,qa,総論V 治療,治療,抗悪性腫瘍薬の全身状態評価指標は？,ECOG Performance Status,,,総論V 治療 一問一答
qa-s5-033,qa,総論V 治療,治療,EGFR遺伝子変異が多い患者背景は？,非喫煙・女性・東アジア人の腺癌,,,総論V 治療 一問一答
qa-s5-034,qa,総論V 治療,治療,EGFR-TKI耐性T790Mも克服する第3世代TKIは？,osimertinib,,,総論V 治療 一問一答
qa-s5-035,qa,総論V 治療,治療,bevacizumabが禁忌となる病態は？,扁平上皮癌・喀血既往（致死的喀血）,,,総論V 治療 一問一答
qa-s5-036,qa,総論V 治療,治療,FNの定義（好中球数と発熱）は？,"好中球<500（or<1,000で48h以内<500予測）＋腋窩37.5℃以上",,,総論V 治療 一問一答
qa-s5-037,qa,総論V 治療,治療,CPT-11が禁忌となる病態は？,間質性肺炎・肺線維症,,,総論V 治療 一問一答
qa-s5-038,qa,総論V 治療,治療,HEC（高度催吐）の制吐4剤は？,5-HT3拮抗＋dexamethasone＋NK1拮抗＋olanzapine,,,総論V 治療 一問一答
qa-s5-039,qa,総論V 治療,治療,体性痛と内臓痛の局在の違いは？,体性痛＝明瞭、内臓痛＝不明瞭,,,総論V 治療 一問一答
qa-s5-040,qa,総論V 治療,治療,WHO鎮痛薬使用の4原則は？,経口的に・時刻を決めて・個別量で・細かい配慮を,,,総論V 治療 一問一答
qa-s5-041,qa,総論V 治療,治療,オピオイドで耐性が生じにくく予防投与から継続する副作用は？,便秘,,,総論V 治療 一問一答
qa-s5-042,qa,総論V 治療,治療,有痛性骨転移の単回照射線量は？,8Gy（分割と除痛率同等だが再照射率高い）,,,総論V 治療 一問一答
qa-s5-043,qa,総論V 治療,治療,副作用被害救済制度を運用する機関は？,PMDA,,,総論V 治療 一問一答
qa-s5-044,qa,総論V 治療,治療,3 L/min以下の鼻カニュラで加湿は必要か？,不要,,,総論V 治療 一問一答
qa-s5-045,qa,総論V 治療,治療,LTOTの安静時PaO2基準は？,55 Torr以下,,,総論V 治療 一問一答
qa-s5-046,qa,総論V 治療,治療,CO2ナルコーシスを考慮したII型呼吸不全のSpO2目標は？,88〜92%,,,総論V 治療 一問一答
qa-s5-047,qa,総論V 治療,治療,BLSの胸骨圧迫の深さと速さは？,5〜6 cm・100〜120回/min,,,総論V 治療 一問一答
qa-s5-048,qa,総論V 治療,治療,成人BLSの胸骨圧迫：人工呼吸比は？,30:2,,,総論V 治療 一問一答
qa-s5-049,qa,総論V 治療,治療,ALSで投与する血管収縮薬と間隔は？,adrenaline 1 mg を3〜5分ごと,,,総論V 治療 一問一答
qa-s5-050,qa,総論V 治療,治療,難治性VF/VTに用いる抗不整脈薬は？,amiodarone 300 mg,,,総論V 治療 一問一答
qa-s5-051,qa,総論V 治療,治療,挿管困難評価法（5項目）の名称は？,LEMON法,,,総論V 治療 一問一答
qa-s5-052,qa,総論V 治療,治療,気管切開後気管狭窄予防のカフ圧目標は？,25 mmHg以下,,,総論V 治療 一問一答
qa-s5-053,qa,総論V 治療,治療,ARDSのプラトー圧と1回換気量の目標は？,30 cmH2O以下・6〜8 mL/kg（理想体重）,,,総論V 治療 一問一答
qa-s5-054,qa,総論V 治療,治療,人工呼吸器離脱で1日1回行う試験は？,SBT,,,総論V 治療 一問一答
qa-s5-055,qa,総論V 治療,治療,NPPVの有効性が高い代表的2病態は？,高CO2血症COPD増悪・心原性肺水腫,,,総論V 治療 一問一答
qa-s5-056,qa,総論V 治療,治療,CVPの正常値は？,4〜8 mmHg（5〜10 cmH2O）,,,総論V 治療 一問一答
qa-s5-057,qa,総論V 治療,治療,自発呼吸下でも信頼性が高い輸液反応性の動的指標は？,PLR（受動下肢挙上）,,,総論V 治療 一問一答
qa-s5-058,qa,総論V 治療,治療,呼吸器疾患の低Na血症で最初に考える病態は？,SIADH,,,総論V 治療 一問一答
qa-s5-059,qa,総論V 治療,治療,低Na血症の過度急速補正で起こる病態は？,橋中心髄鞘崩壊症,,,総論V 治療 一問一答
qa-s5-060,qa,総論V 治療,治療,高カロリー輸液で致死的となる低リン血症の病態は？,refeeding syndrome,,,総論V 治療 一問一答
qa-s5-061,qa,総論V 治療,治療,血胸・膿胸で推奨される胸腔ドレーン径は？,24 Fr以上,,,総論V 治療 一問一答
qa-s5-062,qa,総論V 治療,治療,気胸の胸腔ドレーン挿入部位は？,第2肋間鎖骨中線,,,総論V 治療 一問一答
qa-s5-063,qa,総論V 治療,治療,大量喀血の定義は？,24時間で200 mL以上,,,総論V 治療 一問一答
qa-s5-064,qa,総論V 治療,治療,喀血時に保護のため下にする体位は？,出血側を下にした側臥位,,,総論V 治療 一問一答
qa-s5-065,qa,総論V 治療,治療,気道異物が最も多い年齢層は？,4歳以下の小児,,,総論V 治療 一問一答
qa-s5-066,qa,総論V 治療,治療,可動性狭窄（TBM）で呼吸困難が出る狭窄度は？,50%以上,,,総論V 治療 一問一答
qa-s5-067,qa,総論V 治療,治療,良性狭窄でFDA警告がある気道ステントは？,自己拡張型金属ステント（SEMS）,,,総論V 治療 一問一答
qa-s5-068,qa,総論V 治療,治療,BLVR（気管支バルブ）で20〜30%に生じる合併症は？,気胸,,,総論V 治療 一問一答
qa-s5-069,qa,総論V 治療,治療,局所進行NSCLCの化学放射線療法後の維持療法薬は？,durvalumab,,,総論V 治療 一問一答
qa-s5-070,qa,総論V 治療,治療,放射線肺臓炎リスクで重要な線量指標は？,V20,,,総論V 治療 一問一答
qa-s5-071,qa,総論V 治療,治療,ED-SCLCでPCIを行うか？,行わない,,,総論V 治療 一問一答
qa-s5-072,qa,総論V 治療,治療,喀血の責任血管で最多の系統は？,気管支動脈（体循環系95%）,,,総論V 治療 一問一答
qa-s5-073,qa,総論V 治療,治療,BAEの重大合併症（脊髄）は？,前脊髄動脈誤塞栓による対麻痺,,,総論V 治療 一問一答
qa-s5-074,qa,総論V 治療,治療,アレルゲン免疫療法の主な作用機序2つは？,制御性T細胞誘導・特異的IgG4産生,,,総論V 治療 一問一答
qa-s5-075,qa,総論V 治療,治療,身体活動性低下はCOPDで何の予後因子か？,死亡リスクを増大させる強い予後因子,,,総論V 治療 一問一答
qa-s5-076,qa,総論V 治療,治療,体位ドレナージの禁忌2つは？,呼吸・循環動態不安定／頭蓋内圧亢進・頭頸部損傷,,,総論V 治療 一問一答
qa-s5-077,qa,総論V 治療,治療,両肺移植が原則の疾患は？,感染性肺疾患・特発性肺動脈性肺高血圧症・小児,,,総論V 治療 一問一答
qa-s5-078,qa,総論V 治療,治療,CLADの2大subtypeは？,BOS（閉塞性）・RAS（拘束性）,,,総論V 治療 一問一答
qa-s5-079,qa,総論V 治療,治療,ニコチン依存症診断のスクリーニングテストと基準は？,TDS 5点以上,,,総論V 治療 一問一答
qa-s5-080,qa,総論V 治療,治療,禁煙保険適用のブリンクマン指数基準（35歳以上）は？,200以上,,,総論V 治療 一問一答
qa-s5-081,qa,総論V 治療,治療,せん妄は終末期がん患者の何%に生じるか？,80%以上,,,総論V 治療 一問一答
qa-s5-082,qa,総論V 治療,治療,PPIが何点以上で予後21日以下の可能性が高いか？,6.5点以上,,,総論V 治療 一問一答
qa-s5-083,qa,総論V 治療,治療,非がん性呼吸器疾患でCOPD増悪・死亡率上昇と関連する薬剤は？,ベンゾジアゼピン系,,,総論V 治療 一問一答
mcq-s5-001,mcq,総論V 治療,治療,問1 吸入療法について誤っているものはどれか。,c,3 L/min以下の鼻カニュラ酸素吸入では加湿は不要。他は正しい。,"{""a"": ""吸入粒子の挙動はMMADで規定される"", ""b"": ""MMAD 1〜3μmで末梢気道に沈着しやすい"", ""c"": ""3 L/min以下の鼻カニュラ酸素吸入では加湿が必要である"", ""d"": ""pMDIはスペーサーで噴霧タイミングのずれを軽減できる"", ""e"": ""ICS含有製剤では吸入後のうがいが重要である""}",総論V 治療 5択
mcq-s5-002,mcq,総論V 治療,治療,問2 気管支拡張薬で正しいものはどれか。,c,抗コリン薬はM3拮抗、喘息でLABA単剤は不可、LAMAは閉塞隅角緑内障禁忌、SABA頓用『増加』が治療不足。安全域10〜20μg/mLが正しい。,"{""a"": ""抗コリン薬はβ2受容体を刺激する"", ""b"": ""喘息ではLABAを単剤で長期管理に用いる"", ""c"": ""theophyllineの安全血中濃度は10〜20μg/mL"", ""d"": ""LAMAは閉塞隅角緑内障に積極的に用いる"", ""e"": ""SABAの頓用回数が減ることは治療不足を示唆する""}",総論V 治療 5択
mcq-s5-003,mcq,総論V 治療,治療,問3 抗菌薬の副作用の組み合わせで誤っているものはどれか。,d,DAPは肺サーファクタントで不活化され肺炎には使用できない。,"{""a"": ""アミノグリコシド系 ― 腎毒性・聴器毒性"", ""b"": ""VCM ― red man症候群"", ""c"": ""カルバペネム系 ― 痙攣"", ""d"": ""DAP ― 肺炎に有効"", ""e"": ""EB ― 視力障害""}",総論V 治療 5択
mcq-s5-004,mcq,総論V 治療,治療,問4 ESBL産生菌について正しいものはどれか。,b,ESBLはペニシリン〜第1〜4世代セファロスポリンに広く耐性で、カルバペネムが第一選択。,"{""a"": ""第4世代セファロスポリンが第一選択である"", ""b"": ""カルバペネム系が第一選択となる"", ""c"": ""AmpC型と同一の酵素である"", ""d"": ""すべてのβ-ラクタム系に感受性を示す"", ""e"": ""アミノグリコシドには必ず耐性である""}",総論V 治療 5択
mcq-s5-005,mcq,総論V 治療,治療,問5 結核の標準治療で誤っているものはどれか。,e,PZAは肝障害。末梢神経炎はINHの副作用。,"{""a"": ""初期2か月はINH・RFP・PZAに SM または EB を加える"", ""b"": ""その後INH・RFPを4か月併用する"", ""c"": ""EBの代表的副作用は視力障害である"", ""d"": ""アドヒアランス向上にDOTSが重視される"", ""e"": ""PZAの代表的副作用は末梢神経炎である""}",総論V 治療 5択
mcq-s5-006,mcq,総論V 治療,治療,問6 重症喘息の生物学的製剤で誤っているものはどれか。,d,dupilumabは抗IL-4/13受容体抗体。抗TSLP抗体はtezepelumab。,"{""a"": ""omalizumabは抗IgE抗体である"", ""b"": ""mepolizumabは抗IL-5抗体である"", ""c"": ""benralizumabは抗IL-5受容体α抗体である"", ""d"": ""dupilumabは抗TSLP抗体である"", ""e"": ""tezepelumabはType2 low喘息でも推奨される""}",総論V 治療 5択
mcq-s5-007,mcq,総論V 治療,治療,問7 分子標的治療薬で誤っているものはどれか。,c,bevacizumabは扁平上皮癌・喀血既往で致死的喀血のリスクがあり禁忌・除外。,"{""a"": ""EGFR変異は非喫煙・女性・東アジア人の腺癌に多い"", ""b"": ""osimertinibはT790M耐性を克服する第3世代TKIである"", ""c"": ""bevacizumabは扁平上皮癌に積極的に用いる"", ""d"": ""lorlatinibは脳転移に対する有効性が高い"", ""e"": ""sotorasibはKRAS G12C阻害薬である""}",総論V 治療 5択
mcq-s5-008,mcq,総論V 治療,治療,問8 がん疼痛について正しいものはどれか。,c,体性痛＝局在明瞭、内臓痛＝不明瞭、WHOは時刻を決めて規則正しく、便秘は耐性が生じにくい。,"{""a"": ""体性痛は局在が不明瞭である"", ""b"": ""内臓痛は局在が明瞭である"", ""c"": ""神経障害性疼痛は障害神経領域に感覚異常を伴う"", ""d"": ""WHO原則では時刻を決めない頓用が基本である"", ""e"": ""オピオイドの便秘は耐性が生じやすい""}",総論V 治療 5択
mcq-s5-009,mcq,総論V 治療,治療,問9 酸素療法について誤っているものはどれか。,e,呼吸数25回/min以上の頻呼吸は酸素化が保たれていても呼吸不全増悪の徴候。,"{""a"": ""低流量システムは吸気流速以下を供給する"", ""b"": ""HFNCはPEEP効果や死腔洗い出し効果を持つ"", ""c"": ""II型呼吸不全のSpO2目標は88〜92%である"", ""d"": ""リザーバーシステムはCO2ナルコーシスの危険がある"", ""e"": ""酸素化が保たれていれば頻呼吸は問題ない""}",総論V 治療 5択
mcq-s5-010,mcq,総論V 治療,治療,問10 長期在宅酸素療法（LTOT）の適用基準で正しいものはどれか。,b,安静時PaO2≦55 Torr（or≦60で睡眠/運動時著明低酸素、肺高血圧症）。予後改善は1日15時間以上。導入時ABG望ましい。,"{""a"": ""安静時PaO2≦70 Torr"", ""b"": ""安静時PaO2≦55 Torr"", ""c"": ""安静時PaO2≧60 Torrでも肺高血圧がなければ適応"", ""d"": ""1日6時間の酸素吸入で予後改善が示されている"", ""e"": ""導入時はABG分析を避ける""}",総論V 治療 5択
mcq-s5-011,mcq,総論V 治療,治療,問11 一次救命処置（BLS）について誤っているものはどれか。,d,成人は30:2（小児・乳児で救助者2人なら15:2）。,"{""a"": ""呼吸・脈拍は10秒以内に確認する"", ""b"": ""胸骨圧迫の深さは5〜6 cmである"", ""c"": ""胸骨圧迫の速さは100〜120回/minである"", ""d"": ""成人の胸骨圧迫：人工呼吸は15:2である"", ""e"": ""死戦期呼吸を認めれば心停止と判断する""}",総論V 治療 5択
mcq-s5-012,mcq,総論V 治療,治療,問12 二次救命処置（ALS）について誤っているものはどれか。,e,挿管後は過換気を避け10回/min。PEEPは蘇生まで負荷しない。,"{""a"": ""VF/無脈性VTには電気的除細動を行う"", ""b"": ""adrenalineは3〜5分ごとに1 mg投与する"", ""c"": ""難治性VF/VTにamiodaroneを投与する"", ""d"": ""気管挿管確認にETCO2モニターが必須である"", ""e"": ""挿管後は過換気として20回/min以上で換気する""}",総論V 治療 5択
mcq-s5-013,mcq,総論V 治療,治療,問13 気管切開について誤っているものはどれか。,e,カフ圧は25 mmHg以下で管理。高圧は気管狭窄・気管腕頭動脈瘻・気管食道瘻の原因。,"{""a"": ""緊急の気道確保には気管挿管が第一選択である"", ""b"": ""主な適応は長期間の人工呼吸管理である"", ""c"": ""気管壁切開後は電気メスを使用しない"", ""d"": ""経皮的気管切開は気管支鏡モニター下で行う"", ""e"": ""気管切開後気管狭窄予防にカフ圧40 mmHgで管理する""}",総論V 治療 5択
mcq-s5-014,mcq,総論V 治療,治療,問14 人工呼吸管理（ARDS）について誤っているものはどれか。,e,VILI（人工呼吸器誘発肺損傷）を避けるため低換気量管理。,"{""a"": ""プラトー圧は30 cmH2O以下とする"", ""b"": ""1回換気量は6〜8 mL/kg（理想体重）とする"", ""c"": ""permissive hypercapniaという考え方がある"", ""d"": ""barotraumaとして気胸・縦隔気腫が知られる"", ""e"": ""VILIを避けるため1回換気量はできるだけ大きくする""}",総論V 治療 5択
mcq-s5-015,mcq,総論V 治療,治療,問15 NPPVについて正しいものはどれか。,a,高CO2血症COPD増悪・心原性肺水腫で有効。大量分泌物は適応注意、CO2ナルコーシス性意識障害は導入で改善し必ずしも禁忌でない、重症P/F<150の鼻口マスクNIVは死亡リスク増、初期pH低値は失敗予測因子。,"{""a"": ""高CO2血症COPD増悪に有効性が高い"", ""b"": ""大量の気道分泌物がある場合に積極的に用いる"", ""c"": ""意識障害は常に絶対禁忌である"", ""d"": ""ARDSなど重症呼吸不全で鼻口マスクNIVは死亡リスクを下げる"", ""e"": ""初期pHが低いほど成功しやすい""}",総論V 治療 5択
mcq-s5-016,mcq,総論V 治療,治療,問16 中心静脈圧（CVP）について誤っているものはどれか。,e,SVV・PPVは人工調節呼吸下で有用で、自発呼吸・低換気では信頼性が低い。,"{""a"": ""正常値は4〜8 mmHgである"", ""b"": ""最近は輸液反応性の指標として推奨されない"", ""c"": ""測定は仰臥位・呼気終末で行う"", ""d"": ""PLRは自発呼吸下でも信頼性が高い"", ""e"": ""SVV・PPVは自発呼吸下で信頼性が高い""}",総論V 治療 5択
mcq-s5-017,mcq,総論V 治療,治療,問17 呼吸器疾患の電解質異常について誤っているものはどれか。,c,過度の急速補正は橋中心髄鞘崩壊症を起こす（1 mEq/L/h以下）。,"{""a"": ""肺癌骨転移やPTHrPで高Ca血症を生じる"", ""b"": ""呼吸器疾患の低Na血症ではSIADHを考える"", ""c"": ""低Na血症は急速に補正するほどよい"", ""d"": ""補正Ca＝血清Ca＋(4.0−Alb)で判定する"", ""e"": ""tolvaptanがSIADHに保険適用される""}",総論V 治療 5択
mcq-s5-018,mcq,総論V 治療,治療,問18 胸腔ドレナージについて誤っているものはどれか。,c,肋間動脈・神経損傷予防のため肋骨『上縁』を通す。,"{""a"": ""気胸の挿入は第2肋間鎖骨中線が原則である"", ""b"": ""血胸・膿胸では24 Fr以上が好ましい"", ""c"": ""肋骨下縁を通して挿入し血管損傷を防ぐ"", ""d"": ""再膨張性肺水腫は致死的合併症である"", ""e"": ""三連ボトルの水封室はエアリーク確認に用いる""}",総論V 治療 5択
mcq-s5-019,mcq,総論V 治療,治療,問19 喀血時の対応で誤っているものはどれか。,c,出血側を『下』にした側臥位（健側肺への血液流入を防ぐ）。,"{""a"": ""24時間200 mL以上を大量喀血とする"", ""b"": ""非出血側にカフ付きチューブで片肺挿管し窒息を防ぐ"", ""c"": ""出血側を上にした側臥位をとる"", ""d"": ""凝血塊は吸引せず触らない"", ""e"": ""可能な限り咳をさせない""}",総論V 治療 5択
mcq-s5-020,mcq,総論V 治療,治療,問20 気道異物について正しいものはどれか。,c,小児異物は豆類・植物の種が81%。下気道異物は4歳以下に多く、X線陽性は11%のみ、右主気管支・中間幹に多い、成人は歯冠・義歯が最多。,"{""a"": ""成人に最も多く小児はまれである"", ""b"": ""小児ではX線に写る異物が大半である"", ""c"": ""小児異物は豆類・植物の種が大半を占める"", ""d"": ""異物は左主気管支に落ちることが多い"", ""e"": ""成人異物で最も多いのはピーナッツである""}",総論V 治療 5択
mcq-s5-021,mcq,総論V 治療,治療,問21 放射線療法について誤っているものはどれか。,b,74 Gyの高線量は予後不良で推奨されない。,"{""a"": ""局所進行NSCLCの根治照射の総線量は60 Gy以上が勧められる"", ""b"": ""74 Gyの高線量照射が標準として推奨される"", ""c"": ""LD-SCLCでは加速過分割照射が標準である"", ""d"": ""ED-SCLCではPCIを行わない"", ""e"": ""放射線脊髄症は最も避けるべき晩期障害である""}",総論V 治療 5択
mcq-s5-022,mcq,総論V 治療,治療,問22 気管支動脈塞栓術（BAE）について誤っているものはどれか。,d,対麻痺は金属コイルでGS・NBCAより有意に発症率が『低い』。,"{""a"": ""喀血責任血管は体循環系動脈が約95%である"", ""b"": ""前脊髄動脈誤塞栓で対麻痺を生じうる"", ""c"": ""CTAは適応判断・治療支援に必須である"", ""d"": ""対麻痺は金属コイルでGS・NBCAより発症率が高い"", ""e"": ""B-Pシャントが喀血機序として提唱されている""}",総論V 治療 5択
mcq-s5-023,mcq,総論V 治療,治療,問23 肺移植について誤っているものはどれか。,e,本邦の5年生存率は脳死・生体ともに約70%と良好。,"{""a"": ""感染性肺疾患・特発性肺動脈性肺高血圧症は両肺移植が原則"", ""b"": ""特発性間質性肺炎は片肺移植が原則"", ""c"": ""免疫抑制はCNI＋代謝拮抗薬＋ステロイドの3剤が基本"", ""d"": ""CLADはBOSとRASのsubtypeがある"", ""e"": ""5年生存率は約30%と不良である""}",総論V 治療 5択
mcq-s5-024,mcq,総論V 治療,治療,問24 外科療法（肺切除）の合併症で術後死亡原因として最も多いものはどれか。,c,原発性肺癌の肺葉切除・郭清後の術後死亡原因として間質性肺炎急性増悪が最多。,"{""a"": ""乳び胸"", ""b"": ""気管支断端瘻"", ""c"": ""間質性肺炎急性増悪"", ""d"": ""肺瘻"", ""e"": ""創部感染""}",総論V 治療 5択
mcq-s5-025,mcq,総論V 治療,治療,問25 縦隔リンパ節郭清について誤っているものはどれか。,e,Z0030試験は系統的郭清でステージングは正確だが予後改善は示せなかった。,"{""a"": ""正確なステージングに寄与する"", ""b"": ""ガイドラインは郭清またはサンプリングを強く推奨する"", ""c"": ""重要な合併症に乳び胸がある"", ""d"": ""選択的郭清は肺葉に応じた領域を郭清する"", ""e"": ""ACSOG Z0030試験で明確な予後改善が証明された""}",総論V 治療 5択
mcq-s5-026,mcq,総論V 治療,治療,問26 禁煙治療について誤っているものはどれか。,d,加熱式タバコのエアロゾルにCOは含まれず呼気CO濃度は上昇しない（尿中コチニンでモニター）。,"{""a"": ""TDS 5点以上でニコチン依存症と診断する"", ""b"": ""喫煙者の呼気CO濃度は8 ppm以上である"", ""c"": ""保険適用には35歳以上でブリンクマン指数200以上が必要"", ""d"": ""加熱式タバコ使用者は呼気CO濃度が上昇する"", ""e"": ""薬物療法と行動療法を併用する""}",総論V 治療 5択
mcq-s5-027,mcq,総論V 治療,治療,問27 呼吸器疾患の緩和ケアについて誤っているものはどれか。,e,ベンゾジアゼピン系はCOPD増悪・死亡率上昇と関連（特にII型呼吸不全でCO2ナルコーシス）。,"{""a"": ""進行肺癌は診断時からの緩和ケア介入が有用である"", ""b"": ""せん妄は終末期がん患者の80%以上に生じる"", ""c"": ""PPI 6.5点以上は予後21日以下の可能性が高い"", ""d"": ""非がん性呼吸器疾患の重症呼吸困難にモルヒネは選択肢となる"", ""e"": ""COPDの不安にはベンゾジアゼピン系を第一選択とする""}",総論V 治療 5択
